{
  "profile": {
    "name": {
      "full_name": "William Kitely",
      "first_name": "William",
      "middle_name": "",
      "last_name": "Kitely"
    },
    "emails": {
      "emails": [
        "william_pj_kitely@hotmail.com"
      ],
      "previous_emails": [
        "william.skates.7@facebook.com"
      ],
      "pending_emails": [
        
      ],
      "ad_account_emails": [
        
      ]
    },
    "birthday": {
      "year": 1995,
      "month": 6,
      "day": 6
    },
    "gender": {
      "gender_option": "MALE",
      "pronoun": "MALE"
    },
    "previous_names": [
      {
        "name": "William James",
        "timestamp": 1352355365
      },
      {
        "name": "William Skates",
        "timestamp": 1343900297
      }
    ],
    "other_names": [
      
    ],
    "current_city": {
      "name": "Perth, Western Australia",
      "timestamp": 0
    },
    "hometown": {
      "name": "Perth, Western Australia",
      "timestamp": 0
    },
    "relationship": {
      "status": "In a relationship",
      "partner": "Jessica Tucker",
      "anniversary": {
        "year": 2017,
        "month": 11,
        "day": 30
      }
    },
    "previous_relationships": [
      "Eliza Bean",
      "Sarah de la Harpe"
    ],
    "family_members": [
      {
        "name": "Sam Horn",
        "relation": "Brother"
      },
      {
        "name": "Joseph Creese",
        "relation": "Brother"
      }
    ],
    "education_experiences": [
      
    ],
    "work_experiences": [
      {
        "employer": "The WA Skateboard school",
        "location": "Perth, Western Australia",
        "description": "Skateboard coach, Representative for ASCI and Regional manager for Youth events. "
      },
      {
        "employer": "drawing boards",
        "title": "skateboarder",
        "location": "Brisbane, Queensland, Australia",
        "start_timestamp": 1354305600
      },
      {
        "employer": "Skateboarder",
        "start_timestamp": 1230796800
      },
      {
        "employer": "Muzz Buzz",
        "start_timestamp": 1325404800,
        "end_timestamp": 1357027200
      }
    ],
    "languages": [
      "French",
      "English language"
    ],
    "interested_in": [
      "FEMALE"
    ],
    "religious_view": {
      "name": "Atoms",
      "description": "We are our own universe. "
    },
    "phone_numbers": [
      
    ],
    "about_me": "#skateeverydamnday",
    "favorite_quotes": "\"You better take care of me, Lord. If you don't you're gonna have me on your hands.\" - Hunter s. Thompson\n\n\"I'm not happy and I'm not sad.\" \n-Morrissey",
    "pages": [
      {
        "name": "Interests",
        "pages": [
          "Shire of Plantagenet",
          "Judging People by Their Shoes"
        ]
      },
      {
        "name": "Music",
        "pages": [
          "Cursed Earth",
          "David Bowie Smoking",
          "Jonathan Silk Big Band",
          "Threaded",
          "HYFR",
          "JUNGLEBUSS",
          "Ella Munro",
          "Limbo",
          "DEAD WOLVES",
          "Tame Impala",
          "POND",
          "HARSH TOKE",
          "Rich King Matthews"
        ]
      },
      {
        "name": "Movies",
        "pages": [
          "Fallout: Lanius",
          "Austyn Unlimited",
          "Dude, Where's My Car?",
          "David Loy part Skate Movie"
        ]
      },
      {
        "name": "Other",
        "pages": [
          "Slickers wax",
          "Mount Barker District Council",
          "Hydralyte Australia",
          "Premise Skateboards",
          "P D B Kitchens",
          "Cabinet Noir",
          "MG Group WA",
          "Flicker N Flame Soy Scents",
          "Faintasy",
          "Celtic Circle Tattoo",
          "Momentum Skateshop",
          "Catalyst Sports",
          "Kitely Kianoosh Design",
          "Beyond Skate",
          "COCO DAFOE",
          "Bronze",
          "Jack Rabbit Slim's",
          "Stompbox Perth",
          "Daily Grind",
          "Timber Shop",
          "$LAVE Skateboards",
          "Harry Richardson",
          "Al Jazeera English",
          "Australian Millennials",
          "Nihilist Memes",
          "Kendenup Skate Park Kendenup",
          "Creepy Shit",
          "Small Peanuts",
          "Australian Skateboarding Federation",
          "MemeScape",
          "Lueur Tattoo & Tanning",
          "NY Skateboarding",
          "NEXT GEN",
          "Maximus Australia",
          "TransWorld SKATEboarding",
          "Australind Skatepark",
          "Old Helenians - Helena College Alumni",
          "Execution Ink",
          "City of Joondalup",
          "Malaise",
          "Skateboarders Against Skate Australia",
          "Best Insta Skaters",
          "Goliath Skate",
          "Skateboarding WA",
          "S1 Helmets Australia",
          "Shredability",
          "Amped Skateboards",
          "Tony Abbott  Village Idiot",
          "Kingo Supply",
          "REIZE Energy Drink",
          "Gnartifact",
          "Isaac Money",
          "Stay Cheesy Photography",
          "Creative Labs",
          "Curbside",
          "PACIFIC PRIZM BOARDSTORE",
          "HUF",
          "Stoker Coffee",
          "Eternal Skateboards",
          "Trinity Distribution",
          "What's the Point?",
          "Ramshakle Skateboards",
          "DSCO Bearings",
          "Lo-Fi",
          "Bar SK",
          "Modus Bearings",
          "Seth Rogen",
          "\u00c3\u00a9S Skateboarding",
          "ASCI Events",
          "Switch Heel",
          "Normal Is Me",
          "The WA Skateboard school",
          "Lowcard Mag",
          "Digital Skateboarding",
          "Slam Skateboarding Magazine",
          "Acclaim",
          "Thrasher Magazine",
          "Bassendean Youth Services",
          "Waking Up With A Laugh",
          "Tone Abet",
          "Perth needs a Good indoor skatepark",
          "Official Petition for an Indoor Skatepark in Perth",
          "Jake Carlshausen Art",
          "Darlington Skate Park",
          "Cardiff Skateboard Club",
          "Baker Skateboards",
          "Poetry by Jome",
          "Simpsons pictures that I gone and done",
          "The Drawing Boards",
          "The Shed Skatepark",
          "Akute Projects",
          "Alien Workshop Europe",
          "Fallen Footwear",
          "The Berrics",
          "Nike Skateboarding",
          "Spitfire Wheels",
          "Grizzly Griptape",
          "Benchmark Skateboards",
          "Girl Skateboards",
          "UNO",
          "Vandal Skateboards",
          "4128 Distribution",
          "Sod skateboards",
          "Nicolas Cage's face on things",
          "Hail Skatan",
          "Picture Wheel Co.",
          "\u00c3\u00a9lan Red Handed",
          "\u00c3\u00a9lan x Mobbn Deep Deck",
          "Red Bull",
          "Dekline Footwear",
          "Zero Skateboards",
          "Fast Times Skateboarding",
          "Butter Goods",
          "The Berrics - Levis & Nike Present - Picture Perfect: A Photographic Scavenger Hunt",
          "The Berrics - Levis & Nike Present - Picture Perfect: A Photographic Scavenger Hunt",
          "LADbible Australia",
          "Sk8rats",
          "Toy Machine",
          "Iconosquare",
          "Project Distribution",
          "Outerlimitz Skateshop",
          "Outerlimitz",
          "SoundCloud"
        ]
      },
      {
        "name": "Favorite Teams",
        "pages": [
          "Darlington United Cricket Club",
          "Footprint Insole Technology"
        ]
      },
      {
        "name": "Favorite Athletes",
        "pages": [
          "Skateboarding Memes",
          "Dane Burman",
          "Erik Ellington",
          "Daewon Song",
          "Andrew Reynolds",
          "Corey Duffel",
          "Joey Brezinski",
          "Paul Rodriguez",
          "Geoff Rowley",
          "Tom Asta",
          "Jamie Thomas",
          "Omar Salazar",
          "Mobbn Deep",
          "Mike Mo Capaldi",
          "Shane O'neill"
        ]
      },
      {
        "name": "Clothing",
        "pages": [
          "Supreme",
          "LRG Australia",
          "Signature Clothing",
          "SCUF",
          "Stance Socks Australia and New Zealand"
        ]
      },
      {
        "name": "Websites",
        "pages": [
          "I love skateboarding"
        ]
      },
      {
        "name": "Movies watched",
        "pages": [
          "The Empire Strikes Back",
          "Harry Potter and the Prisoner of Azkaban",
          "Rise of the Planet of the Apes",
          "Harry Potter and the Order of the Phoenix",
          "Night at the Museum",
          "Bad Boys",
          "Pirates Of The Carribean (film)",
          "Matrix trilogy",
          "Juno",
          "Alien Vs. Predator",
          "Groundhog Day",
          "Shaun of the Dead",
          "Wedding Crashers",
          "Edward Scissorhands",
          "Nightmare On Elm Street",
          "The Hangover",
          "Fight Club",
          "Hot Tub Time Machine",
          "The Hangover: Part II",
          "Terminator 3",
          "Star Wars",
          "Toy Story 3",
          "School of Rock",
          "Next Friday",
          "Dawn of the Dead",
          "Knocked Up",
          "Dumb and Dumber",
          "Toy Story",
          "Hitch",
          "Friday",
          "Back to the Future Part III - Movie",
          "Jackass",
          "The Lost World: Jurassic Park",
          "Ted",
          "I, Robot",
          "White Chicks",
          "28 Days Later",
          "The Longest Yard",
          "The Terminator",
          "The 40-Year-Old Virgin",
          "The Grinch (film)",
          "Talladega Nights: The Ballad of Ricky Bobby",
          "Zoolander",
          "Napoleon Dynamite",
          "Scott Pilgrim vs. the World",
          "Mr. Deeds",
          "Superbad",
          "Bruce Almighty",
          "Pineapple Express",
          "Billy Madison",
          "Old School",
          "21 Jump Street",
          "Forgetting Sarah Marshall",
          "Step Brothers",
          "Hot Fuzz",
          "Anchorman",
          "The Other Guys",
          "Dodgeball",
          "Role Models",
          "Happy Gilmore",
          "Dude, Where's My Car?"
        ]
      }
    ],
    "groups": [
      {
        "name": "Darlington Skate Park, Perth WA Subcommittee of DCRAG",
        "timestamp": 1520564788
      },
      {
        "name": "Friends Of Darlington Skatepark",
        "timestamp": 1520555627
      },
      {
        "name": "ADVA 2nd Year",
        "timestamp": 1519289646
      },
      {
        "name": "Darlington / Glen Forrest Community Watch W.A.",
        "timestamp": 1518003393
      },
      {
        "name": "Darlington Hub, W.A",
        "timestamp": 1517999241
      },
      {
        "name": "ADVA 1st Year",
        "timestamp": 1501048380
      },
      {
        "name": "Perth Tattoo Group",
        "timestamp": 1475883624
      },
      {
        "name": "Pokemon Go Perth",
        "timestamp": 1467964965
      },
      {
        "name": "Cool Cat Group",
        "timestamp": 1462014149
      },
      {
        "name": "Perth Hip Hop Heads",
        "timestamp": 1457600654
      },
      {
        "name": "The Rent Network (Perth)",
        "timestamp": 1456122851
      },
      {
        "name": "Aussie Skateboard Collecting",
        "timestamp": 1455502745
      },
      {
        "name": "SEINFELD OBSESSED",
        "timestamp": 1454998434
      },
      {
        "name": "Skateboarding Contests Australia",
        "timestamp": 1449641339
      },
      {
        "name": "Buy and Sell Mt Barker W.A",
        "timestamp": 1428637362
      },
      {
        "name": "Skateboarders Of Brisbane",
        "timestamp": 1417831422
      },
      {
        "name": "Class of 2012",
        "timestamp": 1413340839
      },
      {
        "name": "Australian Skateboarding Community Initiative",
        "timestamp": 1409578232
      },
      {
        "name": "Cool Kid's Book Club",
        "timestamp": 1393563995
      },
      {
        "name": "GTM Camping Family",
        "timestamp": 1391067777
      },
      {
        "name": "These Stoner Shenanigans",
        "timestamp": 1390902686
      },
      {
        "name": "DSCO 'Let The Good Times Roll'",
        "timestamp": 1379301285
      },
      {
        "name": "Ballin",
        "timestamp": 1377057496
      },
      {
        "name": "Indoor Soccer",
        "timestamp": 1370938579
      },
      {
        "name": "\u00e5\u0082\u0091\u00e5\u0085\u008b\u00e6\u0096\u00af\u00e4\u00b8\u0080\u00e5\u0080\u008b\u00e5\u0090\u008c\u00e6\u0080\u00a7\u00e6\u0088\u0080\u00e7\u009a\u0084\u00e9\u0099\u00b0\u00e6\u0088\u00b6",
        "timestamp": 1364213257
      },
      {
        "name": "The Bunner Deal",
        "timestamp": 1354414846
      },
      {
        "name": "The Arcade",
        "timestamp": 1351158733
      },
      {
        "name": "Helena College year 12, 2012",
        "timestamp": 1350477021
      },
      {
        "name": "Perth Spot Bible",
        "timestamp": 1346825574
      },
      {
        "name": "Dope skate videos, post them motherfucker!!!!!",
        "timestamp": 1344357581
      },
      {
        "name": "Secret Psychedelic Society > S.P.S.",
        "timestamp": 1344165610
      },
      {
        "name": "Incorrect David Lynch Quotes"
      }
    ],
    "registration_timestamp": 1343896390,
    "profile_uri": "https://www.facebook.com/william.skates.7"
  }
}