{
  "poll_votes": [
    {
      "timestamp": 1564482306,
      "attachments": [
        {
          "data": [
            {
              "poll": {
                "options": [
                  {
                    "option": "No, don't build Roe 8",
                    "voted": true
                  }
                ]
              }
            }
          ]
        }
      ],
      "title": "William Kitely voted on ABC Perth's poll."
    },
    {
      "timestamp": 1426708653,
      "attachments": [
        {
          "data": [
            {
              "poll": {
                "options": [
                  {
                    "option": "Central City (Perth - would be expensive)",
                    "voted": true
                  }
                ]
              }
            }
          ]
        }
      ],
      "title": "William Kitely voted on Official Petition for an Indoor Skatepark in Perth's poll."
    }
  ]
}