{
  "admin_records": [
    {
      "event": "Password Change",
      "session": {
        "created_timestamp": 1570013478,
        "ip_address": "60.242.70.184",
        "user_agent": "Mozilla/5.0 (Macintosh; Intel Mac OS X 10_13_4) AppleWebKit/537.36 (KHTML, like Gecko) Chrome/76.0.3809.132 Safari/537.36",
        "datr_cookie": "qoCU********************"
      }
    },
    {
      "event": "Password Change",
      "session": {
        "created_timestamp": 1560766004,
        "ip_address": "106.69.14.140",
        "user_agent": "Mozilla/5.0 (Macintosh; Intel Mac OS X 10_13_4) AppleWebKit/537.36 (KHTML, like Gecko) Chrome/74.0.3729.169 Safari/537.36",
        "datr_cookie": "Ecz3********************"
      }
    },
    {
      "event": "Password Change",
      "session": {
        "created_timestamp": 1557488235,
        "ip_address": "106.68.102.135",
        "user_agent": "Mozilla/5.0 (iPad; CPU OS 11_3 like Mac OS X) AppleWebKit/605.1.15 (KHTML, like Gecko) Mobile/15E216 [FBAN/MessengerForiOS;FBAV/213.0.0.45.34;FBBV/152337659;FBDV/iPad7,1;FBMD/iPad;FBSN/iOS;FBSV/11.3;FBSS/2;FBCR/;FBID/tablet;FBLC/en_GB;FBOP/5]",
        "datr_cookie": "amLV********************"
      }
    },
    {
      "event": "Password Change",
      "session": {
        "created_timestamp": 1555227498,
        "ip_address": "49.196.4.113",
        "user_agent": "Mozilla/5.0 (iPhone; CPU iPhone OS 12_0_1 like Mac OS X) AppleWebKit/605.1.15 (KHTML, like Gecko) Mobile/16A404 [FBAN/FBIOS;FBAV/216.0.0.48.98;FBBV/149484926;FBDV/iPhone9,3;FBMD/iPhone;FBSN/iOS;FBSV/12.0.1;FBSS/2;FBCR/Virgin Mobile;FBID/phone;FBLC/en_GB;FBOP/5;FBRV/0]",
        "datr_cookie": "aOOy********************"
      }
    },
    {
      "event": "Remove Phone Number",
      "session": {
        "created_timestamp": 1554635141,
        "ip_address": "106.69.9.138",
        "user_agent": "Mozilla/5.0 (Macintosh; Intel Mac OS X 10_13_4) AppleWebKit/537.36 (KHTML, like Gecko) Chrome/72.0.3626.121 Safari/537.36",
        "datr_cookie": "Ecz3********************"
      }
    },
    {
      "event": "Password Change",
      "session": {
        "created_timestamp": 1552282201,
        "ip_address": "134.7.90.157",
        "user_agent": "Mozilla/5.0 (Windows NT 10.0; Win64; x64) AppleWebKit/537.36 (KHTML, like Gecko) Chrome/72.0.3626.121 Safari/537.36",
        "datr_cookie": "DfKF********************"
      }
    },
    {
      "event": "Password Change",
      "session": {
        "created_timestamp": 1540362585,
        "ip_address": "167.30.56.182",
        "user_agent": "Mozilla/5.0 (Macintosh; Intel Mac OS X 10_13_2) AppleWebKit/537.36 (KHTML, like Gecko) Chrome/56.0.2924.87 Safari/537.36",
        "datr_cookie": "hQ_Q********************"
      }
    },
    {
      "event": "Password Change",
      "session": {
        "created_timestamp": 1539154891,
        "ip_address": "167.30.56.182",
        "user_agent": "Mozilla/5.0 (Macintosh; Intel Mac OS X 10.13; rv:45.0) Gecko/20100101 Firefox/45.0",
        "datr_cookie": "jaO9********************"
      }
    },
    {
      "event": "Password Change",
      "session": {
        "created_timestamp": 1535695514,
        "ip_address": "203.59.8.156",
        "user_agent": "Mozilla/5.0 (Windows NT 10.0; Win64; x64) AppleWebKit/537.36 (KHTML, like Gecko) Chrome/68.0.3440.106 Safari/537.36",
        "datr_cookie": "0UIi********************"
      }
    },
    {
      "event": "Password Change",
      "session": {
        "created_timestamp": 1535102803,
        "ip_address": "203.59.8.156",
        "user_agent": "Mozilla/5.0 (Windows NT 10.0; Win64; x64) AppleWebKit/537.36 (KHTML, like Gecko) Chrome/68.0.3440.106 Safari/537.36",
        "datr_cookie": "0UIi********************"
      }
    },
    {
      "event": "Password Change",
      "session": {
        "created_timestamp": 1531488951,
        "ip_address": "220.253.142.201",
        "user_agent": "Mozilla/5.0 (iPhone; CPU iPhone OS 11_0_3 like Mac OS X) AppleWebKit/604.1.34 (KHTML, like Gecko) CriOS/67.0.3396.87 Mobile/15A432 Safari/604.1",
        "datr_cookie": "Q6lI********************"
      }
    },
    {
      "event": "Checkpoint completed",
      "session": {
        "created_timestamp": 1531488758,
        "ip_address": "220.253.142.201",
        "user_agent": "",
        "datr_cookie": ""
      }
    },
    {
      "event": "Password Change",
      "session": {
        "created_timestamp": 1531488677,
        "ip_address": "220.253.142.201",
        "user_agent": "Mozilla/5.0 (iPhone; CPU iPhone OS 11_0_3 like Mac OS X) AppleWebKit/604.1.34 (KHTML, like Gecko) CriOS/67.0.3396.87 Mobile/15A432 Safari/604.1",
        "datr_cookie": "Q6lI********************"
      }
    },
    {
      "event": "Password Change",
      "session": {
        "created_timestamp": 1526456107,
        "ip_address": "167.30.56.15",
        "user_agent": "Mozilla/5.0 (Windows NT 6.1; Win64; x64) AppleWebKit/537.36 (KHTML, like Gecko) Chrome/66.0.3359.181 Safari/537.36",
        "datr_cookie": "7N77********************"
      }
    },
    {
      "event": "Password Change",
      "session": {
        "created_timestamp": 1526189160,
        "ip_address": "101.186.105.238",
        "user_agent": "Mozilla/5.0 (Macintosh; Intel Mac OS X 10_10_5) AppleWebKit/537.36 (KHTML, like Gecko) Chrome/66.0.3359.139 Safari/537.36",
        "datr_cookie": "Ecz3********************"
      }
    },
    {
      "event": "Password Change",
      "session": {
        "created_timestamp": 1525228048,
        "ip_address": "167.30.56.15",
        "user_agent": "Mozilla/5.0 (Windows NT 6.1; WOW64; Trident/7.0; rv:11.0) like Gecko",
        "datr_cookie": "uyHp********************"
      }
    },
    {
      "event": "Password Change",
      "session": {
        "created_timestamp": 1522718231,
        "ip_address": "167.30.56.14",
        "user_agent": "Mozilla/5.0 (Windows NT 6.1; WOW64; Trident/7.0; rv:11.0) like Gecko",
        "datr_cookie": "StXC********************"
      }
    },
    {
      "event": "Password Change",
      "session": {
        "created_timestamp": 1518786518,
        "ip_address": "101.186.26.39",
        "user_agent": "Mozilla/5.0 (Macintosh; Intel Mac OS X 10_10_5) AppleWebKit/603.3.8 (KHTML, like Gecko) Version/10.1.2 Safari/603.3.8",
        "datr_cookie": "k9eG********************"
      }
    },
    {
      "event": "Password Change",
      "session": {
        "created_timestamp": 1513676533,
        "ip_address": "106.68.142.3",
        "user_agent": "Mozilla/5.0 (iPhone; CPU iPhone OS 11_0_3 like Mac OS X) AppleWebKit/604.1.38 (KHTML, like Gecko) Mobile/15A432 Instagram 26.0.0.18.87 (iPhone9,3; iOS 11_0_3; en_AU; en; scale=2.00; gamut=wide; 750x1334)",
        "datr_cookie": "Y944********************"
      }
    },
    {
      "event": "Password Change",
      "session": {
        "created_timestamp": 1513396007,
        "ip_address": "101.186.68.254",
        "user_agent": "Mozilla/5.0 (Macintosh; Intel Mac OS X 10_10_5) AppleWebKit/537.36 (KHTML, like Gecko) Chrome/63.0.3239.84 Safari/537.36",
        "datr_cookie": "7ZY0********************"
      }
    },
    {
      "event": "Password Change",
      "session": {
        "created_timestamp": 1510029780,
        "ip_address": "101.186.13.31",
        "user_agent": "Mozilla/5.0 (Macintosh; Intel Mac OS X 10.10; rv:56.0) Gecko/20100101 Firefox/56.0",
        "datr_cookie": "aUW5********************"
      }
    },
    {
      "event": "Password Change",
      "session": {
        "created_timestamp": 1509520388,
        "ip_address": "167.30.56.14",
        "user_agent": "Mozilla/5.0 (Macintosh; Intel Mac OS X 10.12; rv:45.0) Gecko/20100101 Firefox/45.0",
        "datr_cookie": "R3P5********************"
      }
    },
    {
      "event": "Password Change",
      "session": {
        "created_timestamp": 1501388648,
        "ip_address": "101.186.144.42",
        "user_agent": "Mozilla/5.0 (Macintosh; Intel Mac OS X 10.10; rv:54.0) Gecko/20100101 Firefox/54.0",
        "datr_cookie": "LPB5********************"
      }
    },
    {
      "event": "Password Change",
      "session": {
        "created_timestamp": 1448871169,
        "ip_address": "101.186.17.226",
        "user_agent": "Mozilla/5.0 (Macintosh; Intel Mac OS X 10_10_3) AppleWebKit/537.36 (KHTML, like Gecko) Chrome/44.0.2403.125 Safari/537.36",
        "datr_cookie": "sVm_********************"
      }
    },
    {
      "event": "Password Change",
      "session": {
        "created_timestamp": 1434438821,
        "ip_address": "202.165.88.62",
        "user_agent": "Mozilla/5.0 (Windows NT 5.1) AppleWebKit/537.36 (KHTML, like Gecko) Chrome/43.0.2357.124 Safari/537.36",
        "datr_cookie": "4wEY********************"
      }
    },
    {
      "event": "Password Change",
      "session": {
        "created_timestamp": 1427100360,
        "ip_address": "86.177.154.227",
        "user_agent": "Mozilla/5.0 (Macintosh; Intel Mac OS X 10_6_8) AppleWebKit/537.36 (KHTML, like Gecko) Chrome/41.0.2272.101 Safari/537.36",
        "datr_cookie": "ubq9********************"
      }
    },
    {
      "event": "Password Change",
      "session": {
        "created_timestamp": 1424766137,
        "ip_address": "124.171.244.130",
        "user_agent": "Mozilla/5.0 (Macintosh; Intel Mac OS X 10_6_8) AppleWebKit/537.4 (KHTML, like Gecko) Chrome/22.0.1229.94 Safari/537.4",
        "datr_cookie": "ubq9********************"
      }
    },
    {
      "event": "Username",
      "session": {
        "created_timestamp": 1422777398,
        "ip_address": "202.165.88.62",
        "user_agent": "",
        "datr_cookie": ""
      }
    },
    {
      "event": "Username",
      "session": {
        "created_timestamp": 1422777396,
        "ip_address": "202.165.88.62",
        "user_agent": "",
        "datr_cookie": ""
      }
    },
    {
      "event": "Username",
      "session": {
        "created_timestamp": 1419145077,
        "ip_address": "101.187.119.167",
        "user_agent": "",
        "datr_cookie": ""
      }
    },
    {
      "event": "Checkpoint completed",
      "session": {
        "created_timestamp": 1413437281,
        "ip_address": "202.165.88.62",
        "user_agent": "",
        "datr_cookie": ""
      }
    },
    {
      "event": "Checkpoint completed",
      "session": {
        "created_timestamp": 1412475919,
        "ip_address": "49.183.134.5",
        "user_agent": "",
        "datr_cookie": ""
      }
    },
    {
      "event": "Checkpoint completed",
      "session": {
        "created_timestamp": 1412072701,
        "ip_address": "49.184.9.178",
        "user_agent": "",
        "datr_cookie": ""
      }
    },
    {
      "event": "Checkpoint completed",
      "session": {
        "created_timestamp": 1411016987,
        "ip_address": "202.165.88.62",
        "user_agent": "",
        "datr_cookie": ""
      }
    },
    {
      "event": "Username",
      "session": {
        "created_timestamp": 1410854711,
        "ip_address": "121.215.11.16",
        "user_agent": "",
        "datr_cookie": ""
      }
    },
    {
      "event": "Checkpoint completed",
      "session": {
        "created_timestamp": 1408544967,
        "ip_address": "124.171.125.248",
        "user_agent": "",
        "datr_cookie": ""
      }
    },
    {
      "event": "Remove Profile Photo",
      "session": {
        "created_timestamp": 1405515070,
        "ip_address": "49.184.8.95",
        "user_agent": "Mozilla/5.0 (iPhone; CPU iPhone OS 7_0 like Mac OS X) AppleWebKit/537.51.1 (KHTML, like Gecko) Mobile/11A465 [FBAN/FBIOS;FBAV/12.1.0.24.20;FBBV/3214247;FBDV/iPhone4,1;FBMD/iPhone;FBSN/iPhone OS;FBSV/7.0;FBSS/2; FBCR/VirginMobile;FBID/phone;FBLC/en_US;FBOP/5]",
        "datr_cookie": "O3XG********************"
      }
    },
    {
      "event": "Checkpoint completed",
      "session": {
        "created_timestamp": 1403950182,
        "ip_address": "58.167.247.31",
        "user_agent": "",
        "datr_cookie": ""
      }
    },
    {
      "event": "Checkpoint completed",
      "session": {
        "created_timestamp": 1399449756,
        "ip_address": "202.165.88.62",
        "user_agent": "",
        "datr_cookie": ""
      }
    },
    {
      "event": "Remove Profile Photo",
      "session": {
        "created_timestamp": 1398778579,
        "ip_address": "120.145.0.230",
        "user_agent": "Mozilla/5.0 (Macintosh; Intel Mac OS X 10_6_8) AppleWebKit/537.4 (KHTML, like Gecko) Chrome/22.0.1229.94 Safari/537.4",
        "datr_cookie": "ubq9********************"
      }
    },
    {
      "event": "Checkpoint completed",
      "session": {
        "created_timestamp": 1395291721,
        "ip_address": "120.145.133.114",
        "user_agent": "",
        "datr_cookie": ""
      }
    },
    {
      "event": "Checkpoint completed",
      "session": {
        "created_timestamp": 1393590952,
        "ip_address": "124.182.134.49",
        "user_agent": "",
        "datr_cookie": ""
      }
    },
    {
      "event": "Checkpoint completed",
      "session": {
        "created_timestamp": 1392784590,
        "ip_address": "121.215.7.37",
        "user_agent": "",
        "datr_cookie": ""
      }
    },
    {
      "event": "Checkpoint completed",
      "session": {
        "created_timestamp": 1390466397,
        "ip_address": "124.182.164.149",
        "user_agent": "",
        "datr_cookie": ""
      }
    },
    {
      "event": "Checkpoint completed",
      "session": {
        "created_timestamp": 1389320358,
        "ip_address": "203.91.93.165",
        "user_agent": "",
        "datr_cookie": ""
      }
    },
    {
      "event": "Checkpoint completed",
      "session": {
        "created_timestamp": 1389106328,
        "ip_address": "120.145.63.165",
        "user_agent": "",
        "datr_cookie": ""
      }
    },
    {
      "event": "Remove Profile Photo",
      "session": {
        "created_timestamp": 1389103063,
        "ip_address": "120.145.63.165",
        "user_agent": "Mozilla/5.0 (Macintosh; Intel Mac OS X 10_6_8) AppleWebKit/537.4 (KHTML, like Gecko) Chrome/22.0.1229.94 Safari/537.4",
        "datr_cookie": "ubq9********************"
      }
    },
    {
      "event": "Remove Profile Photo",
      "session": {
        "created_timestamp": 1389102992,
        "ip_address": "120.145.63.165",
        "user_agent": "Mozilla/5.0 (Macintosh; Intel Mac OS X 10_6_8) AppleWebKit/537.4 (KHTML, like Gecko) Chrome/22.0.1229.94 Safari/537.4",
        "datr_cookie": "ubq9********************"
      }
    },
    {
      "event": "Remove Profile Photo",
      "session": {
        "created_timestamp": 1389102909,
        "ip_address": "120.145.63.165",
        "user_agent": "Mozilla/5.0 (iPhone; CPU iPhone OS 7_0 like Mac OS X) AppleWebKit/537.51.1 (KHTML, like Gecko) Mobile/11A465 [FBAN/FBIOS;FBAV/6.8;FBBV/745892;FBDV/iPhone4,1;FBMD/iPhone;FBSN/iPhone OS;FBSV/7.0;FBSS/2; FBCR/VirginMobile;FBID/phone;FBLC/en_US;FBOP/5]",
        "datr_cookie": "OQfM********************"
      }
    },
    {
      "event": "Checkpoint completed",
      "session": {
        "created_timestamp": 1388920470,
        "ip_address": "120.145.63.165",
        "user_agent": "",
        "datr_cookie": ""
      }
    },
    {
      "event": "Checkpoint completed",
      "session": {
        "created_timestamp": 1388370339,
        "ip_address": "1.122.183.126",
        "user_agent": "",
        "datr_cookie": ""
      }
    },
    {
      "event": "Remove Profile Photo",
      "session": {
        "created_timestamp": 1387434135,
        "ip_address": "1.122.183.126",
        "user_agent": "Mozilla/5.0 (Macintosh; Intel Mac OS X 10_6_8) AppleWebKit/537.4 (KHTML, like Gecko) Chrome/22.0.1229.94 Safari/537.4",
        "datr_cookie": "Efr9********************"
      }
    },
    {
      "event": "Remove Profile Photo",
      "session": {
        "created_timestamp": 1387286691,
        "ip_address": "1.122.183.126",
        "user_agent": "Mozilla/5.0 (Macintosh; Intel Mac OS X 10_6_8) AppleWebKit/537.4 (KHTML, like Gecko) Chrome/22.0.1229.94 Safari/537.4",
        "datr_cookie": "Efr9********************"
      }
    },
    {
      "event": "Remove Profile Photo",
      "session": {
        "created_timestamp": 1386486050,
        "ip_address": "203.91.93.165",
        "user_agent": "Mozilla/5.0 (Windows NT 5.1) AppleWebKit/537.36 (KHTML, like Gecko) Chrome/31.0.1650.63 Safari/537.36",
        "datr_cookie": "PuEm********************"
      }
    },
    {
      "event": "Checkpoint completed",
      "session": {
        "created_timestamp": 1386258057,
        "ip_address": "120.145.85.48",
        "user_agent": "",
        "datr_cookie": ""
      }
    },
    {
      "event": "Checkpoint completed",
      "session": {
        "created_timestamp": 1384844221,
        "ip_address": "121.221.217.116",
        "user_agent": "",
        "datr_cookie": ""
      }
    },
    {
      "event": "Checkpoint completed",
      "session": {
        "created_timestamp": 1382673892,
        "ip_address": "203.91.93.165",
        "user_agent": "",
        "datr_cookie": ""
      }
    },
    {
      "event": "Checkpoint completed",
      "session": {
        "created_timestamp": 1382541729,
        "ip_address": "106.68.6.192",
        "user_agent": "",
        "datr_cookie": ""
      }
    },
    {
      "event": "Checkpoint completed",
      "session": {
        "created_timestamp": 1382447765,
        "ip_address": "124.148.102.10",
        "user_agent": "",
        "datr_cookie": ""
      }
    },
    {
      "event": "Remove Profile Photo",
      "session": {
        "created_timestamp": 1381843406,
        "ip_address": "121.221.213.26",
        "user_agent": "Mozilla/5.0 (Macintosh; Intel Mac OS X 10_6_8) AppleWebKit/537.4 (KHTML, like Gecko) Chrome/22.0.1229.94 Safari/537.4",
        "datr_cookie": "Efr9********************"
      }
    },
    {
      "event": "Checkpoint completed",
      "session": {
        "created_timestamp": 1380415820,
        "ip_address": "121.215.41.76",
        "user_agent": "",
        "datr_cookie": ""
      }
    },
    {
      "event": "Checkpoint completed",
      "session": {
        "created_timestamp": 1380166683,
        "ip_address": "121.215.41.76",
        "user_agent": "",
        "datr_cookie": ""
      }
    },
    {
      "event": "Checkpoint completed",
      "session": {
        "created_timestamp": 1379777937,
        "ip_address": "121.215.41.76",
        "user_agent": "",
        "datr_cookie": ""
      }
    },
    {
      "event": "Checkpoint completed",
      "session": {
        "created_timestamp": 1379088852,
        "ip_address": "124.182.3.155",
        "user_agent": "",
        "datr_cookie": ""
      }
    },
    {
      "event": "Remove Profile Photo",
      "session": {
        "created_timestamp": 1378664332,
        "ip_address": "121.221.32.191",
        "user_agent": "Mozilla/5.0 (Macintosh; Intel Mac OS X 10_6_8) AppleWebKit/537.4 (KHTML, like Gecko) Chrome/22.0.1229.94 Safari/537.4",
        "datr_cookie": "Efr9********************"
      }
    },
    {
      "event": "Remove Profile Photo",
      "session": {
        "created_timestamp": 1378664221,
        "ip_address": "121.221.32.191",
        "user_agent": "Mozilla/5.0 (Macintosh; Intel Mac OS X 10_6_8) AppleWebKit/537.4 (KHTML, like Gecko) Chrome/22.0.1229.94 Safari/537.4",
        "datr_cookie": "Efr9********************"
      }
    },
    {
      "event": "Checkpoint completed",
      "session": {
        "created_timestamp": 1377833738,
        "ip_address": "203.91.93.165",
        "user_agent": "",
        "datr_cookie": ""
      }
    },
    {
      "event": "Remove Profile Photo",
      "session": {
        "created_timestamp": 1377406931,
        "ip_address": "203.91.93.165",
        "user_agent": "Mozilla/5.0 (Windows NT 5.1) AppleWebKit/537.36 (KHTML, like Gecko) Chrome/29.0.1547.57 Safari/537.36",
        "datr_cookie": "PuEm********************"
      }
    },
    {
      "event": "Checkpoint completed",
      "session": {
        "created_timestamp": 1376703905,
        "ip_address": "120.145.39.122",
        "user_agent": "",
        "datr_cookie": ""
      }
    },
    {
      "event": "Checkpoint completed",
      "session": {
        "created_timestamp": 1376623412,
        "ip_address": "203.91.93.165",
        "user_agent": "",
        "datr_cookie": ""
      }
    },
    {
      "event": "Checkpoint completed",
      "session": {
        "created_timestamp": 1376481227,
        "ip_address": "1.122.168.234",
        "user_agent": "",
        "datr_cookie": ""
      }
    },
    {
      "event": "Remove Profile Photo",
      "session": {
        "created_timestamp": 1376052803,
        "ip_address": "49.183.43.191",
        "user_agent": "Mozilla/5.0 (iPhone; CPU iPhone OS 6_1_3 like Mac OS X) AppleWebKit/536.26 (KHTML, like Gecko) Mobile/10B329 [FBAN/FBIOS;FBAV/6.1.1;FBBV/202949;FBDV/iPhone4,1;FBMD/iPhone;FBSN/iPhone OS;FBSV/6.1.3;FBSS/2; FBCR/VirginMobile;FBID/phone;FBLC/en_US;FBOP/1]",
        "datr_cookie": "QeYE********************"
      }
    },
    {
      "event": "Remove Profile Photo",
      "session": {
        "created_timestamp": 1375935210,
        "ip_address": "121.215.41.29",
        "user_agent": "Mozilla/5.0 (Macintosh; Intel Mac OS X 10_6_8) AppleWebKit/537.4 (KHTML, like Gecko) Chrome/22.0.1229.94 Safari/537.4",
        "datr_cookie": "Efr9********************"
      }
    },
    {
      "event": "Remove Profile Photo",
      "session": {
        "created_timestamp": 1375594724,
        "ip_address": "203.91.93.165",
        "user_agent": "Mozilla/5.0 (Windows NT 5.1) AppleWebKit/537.36 (KHTML, like Gecko) Chrome/28.0.1500.95 Safari/537.36",
        "datr_cookie": "PuEm********************"
      }
    },
    {
      "event": "Checkpoint completed",
      "session": {
        "created_timestamp": 1370587970,
        "ip_address": "203.91.93.165",
        "user_agent": "",
        "datr_cookie": ""
      }
    },
    {
      "event": "Remove Profile Photo",
      "session": {
        "created_timestamp": 1370092624,
        "ip_address": "121.221.208.43",
        "user_agent": "Mozilla/5.0 (Macintosh; Intel Mac OS X 10_6_8) AppleWebKit/537.4 (KHTML, like Gecko) Chrome/22.0.1229.94 Safari/537.4",
        "datr_cookie": "Efr9********************"
      }
    },
    {
      "event": "Remove Profile Photo",
      "session": {
        "created_timestamp": 1369803688,
        "ip_address": "121.221.208.43",
        "user_agent": "Mozilla/5.0 (Macintosh; Intel Mac OS X 10_6_8) AppleWebKit/537.4 (KHTML, like Gecko) Chrome/22.0.1229.94 Safari/537.4",
        "datr_cookie": "Efr9********************"
      }
    },
    {
      "event": "Remove Profile Photo",
      "session": {
        "created_timestamp": 1369802801,
        "ip_address": "124.169.100.52",
        "user_agent": "Mozilla/5.0 (Macintosh; Intel Mac OS X 10.6; rv:21.0) Gecko/20100101 Firefox/21.0",
        "datr_cookie": "OSKG********************"
      }
    },
    {
      "event": "Remove Profile Photo",
      "session": {
        "created_timestamp": 1369495659,
        "ip_address": "124.148.237.97",
        "user_agent": "Mozilla/5.0 (iPhone; CPU iPhone OS 6_0 like Mac OS X) AppleWebKit/536.26 (KHTML, like Gecko) Mobile/10A403 [FBAN/FBIOS;FBAV/6.1.1;FBBV/202949;FBDV/iPhone4,1;FBMD/iPhone;FBSN/iPhone OS;FBSV/6.0;FBSS/2; FBCR/VirginMobile;FBID/phone;FBLC/en_US;FBOP/1]",
        "datr_cookie": "atig********************"
      }
    },
    {
      "event": "Remove Profile Photo",
      "session": {
        "created_timestamp": 1368790990,
        "ip_address": "124.182.42.211",
        "user_agent": "Mozilla/5.0 (Macintosh; Intel Mac OS X 10_6_8) AppleWebKit/537.4 (KHTML, like Gecko) Chrome/22.0.1229.94 Safari/537.4",
        "datr_cookie": "Efr9********************"
      }
    },
    {
      "event": "Remove Profile Photo",
      "session": {
        "created_timestamp": 1366282921,
        "ip_address": "124.171.210.89",
        "user_agent": "Mozilla/5.0 (Macintosh; Intel Mac OS X 10_6_8) AppleWebKit/537.4 (KHTML, like Gecko) Chrome/22.0.1229.94 Safari/537.4",
        "datr_cookie": "Efr9********************"
      }
    },
    {
      "event": "Remove Profile Photo",
      "session": {
        "created_timestamp": 1364997285,
        "ip_address": "49.176.70.233",
        "user_agent": "Mozilla/5.0 (iPhone; CPU iPhone OS 6_0 like Mac OS X) AppleWebKit/536.26 (KHTML, like Gecko) Mobile/10A403 [FBAN/FBIOS;FBAV/5.3;FBBV/89182;FBDV/iPhone4,1;FBMD/iPhone;FBSN/iPhone OS;FBSV/6.0;FBSS/2; FBCR/VirginMobile;FBID/phone;FBLC/en_US]",
        "datr_cookie": "ojRc********************"
      }
    },
    {
      "event": "Remove Profile Photo",
      "session": {
        "created_timestamp": 1364484471,
        "ip_address": "124.171.207.198",
        "user_agent": "Mozilla/5.0 (Macintosh; Intel Mac OS X 10_6_8) AppleWebKit/537.4 (KHTML, like Gecko) Chrome/22.0.1229.94 Safari/537.4",
        "datr_cookie": "Efr9********************"
      }
    },
    {
      "event": "Remove Profile Photo",
      "session": {
        "created_timestamp": 1362312790,
        "ip_address": "121.215.75.67",
        "user_agent": "Mozilla/5.0 (Macintosh; Intel Mac OS X 10_6_8) AppleWebKit/537.4 (KHTML, like Gecko) Chrome/22.0.1229.94 Safari/537.4",
        "datr_cookie": "Efr9********************"
      }
    },
    {
      "event": "Remove Profile Photo",
      "session": {
        "created_timestamp": 1362312675,
        "ip_address": "121.215.75.67",
        "user_agent": "Mozilla/5.0 (Macintosh; Intel Mac OS X 10_6_8) AppleWebKit/537.4 (KHTML, like Gecko) Chrome/22.0.1229.94 Safari/537.4",
        "datr_cookie": "Efr9********************"
      }
    },
    {
      "event": "Remove Profile Photo",
      "session": {
        "created_timestamp": 1361798111,
        "ip_address": "121.215.75.67",
        "user_agent": "Mozilla/5.0 (Macintosh; Intel Mac OS X 10_6_8) AppleWebKit/537.4 (KHTML, like Gecko) Chrome/22.0.1229.94 Safari/537.4",
        "datr_cookie": "Efr9********************"
      }
    },
    {
      "event": "Remove Profile Photo",
      "session": {
        "created_timestamp": 1361357405,
        "ip_address": "120.145.80.207",
        "user_agent": "Mozilla/5.0 (Macintosh; Intel Mac OS X 10_6_8) AppleWebKit/537.4 (KHTML, like Gecko) Chrome/22.0.1229.94 Safari/537.4",
        "datr_cookie": "Efr9********************"
      }
    },
    {
      "event": "Remove Profile Photo",
      "session": {
        "created_timestamp": 1359501626,
        "ip_address": "86.139.115.137",
        "user_agent": "Mozilla/5.0 (Macintosh; Intel Mac OS X 10_6_8) AppleWebKit/534.57.2 (KHTML, like Gecko) Version/5.1.7 Safari/534.57.2",
        "datr_cookie": "7HmG********************"
      }
    },
    {
      "event": "Remove Profile Photo",
      "session": {
        "created_timestamp": 1359369563,
        "ip_address": "86.139.115.137",
        "user_agent": "Mozilla/5.0 (Macintosh; Intel Mac OS X 10_6_8) AppleWebKit/537.4 (KHTML, like Gecko) Chrome/22.0.1229.94 Safari/537.4",
        "datr_cookie": "Efr9********************"
      }
    },
    {
      "event": "Checkpoint completed",
      "session": {
        "created_timestamp": 1359010266,
        "ip_address": "94.175.239.226",
        "user_agent": "",
        "datr_cookie": ""
      }
    },
    {
      "event": "Remove Profile Photo",
      "session": {
        "created_timestamp": 1358694068,
        "ip_address": "124.182.12.50",
        "user_agent": "Mozilla/5.0 (iPhone; CPU iPhone OS 6_0 like Mac OS X) AppleWebKit/536.26 (KHTML, like Gecko) Mobile/10A403 [FBAN/FBIOS;FBAV/5.3;FBBV/89182;FBDV/iPhone4,1;FBMD/iPhone;FBSN/iPhone OS;FBSV/6.0;FBSS/2; FBCR/VirginMobile;FBID/phone;FBLC/en_US]",
        "datr_cookie": "rgb8********************"
      }
    },
    {
      "event": "Remove Profile Photo",
      "session": {
        "created_timestamp": 1358513344,
        "ip_address": "124.182.12.50",
        "user_agent": "Mozilla/5.0 (Macintosh; Intel Mac OS X 10_6_8) AppleWebKit/537.4 (KHTML, like Gecko) Chrome/22.0.1229.94 Safari/537.4",
        "datr_cookie": "5v7z********************"
      }
    },
    {
      "event": "Remove Profile Photo",
      "session": {
        "created_timestamp": 1357913092,
        "ip_address": "124.182.12.50",
        "user_agent": "Mozilla/5.0 (Macintosh; Intel Mac OS X 10_6_8) AppleWebKit/537.4 (KHTML, like Gecko) Chrome/22.0.1229.94 Safari/537.4",
        "datr_cookie": "1xul********************"
      }
    },
    {
      "event": "Remove Profile Photo",
      "session": {
        "created_timestamp": 1357474997,
        "ip_address": "49.176.35.42",
        "user_agent": "Mozilla/5.0 (iPhone; CPU iPhone OS 6_0 like Mac OS X) AppleWebKit/536.26 (KHTML, like Gecko) Mobile/10A403 [FBAN/FBIOS;FBAV/5.3;FBBV/89182;FBDV/iPhone4,1;FBMD/iPhone;FBSN/iPhone OS;FBSV/6.0;FBSS/2; FBCR/VirginMobile;FBID/phone;FBLC/en_US]",
        "datr_cookie": "mmzp********************"
      }
    },
    {
      "event": "Remove Profile Photo",
      "session": {
        "created_timestamp": 1357096639,
        "ip_address": "124.178.169.254",
        "user_agent": "Mozilla/5.0 (Macintosh; Intel Mac OS X 10_6_8) AppleWebKit/537.4 (KHTML, like Gecko) Chrome/22.0.1229.94 Safari/537.4",
        "datr_cookie": "1xul********************"
      }
    },
    {
      "event": "Remove Profile Photo",
      "session": {
        "created_timestamp": 1355663321,
        "ip_address": "49.176.1.202",
        "user_agent": "Mozilla/5.0 (iPhone; U; CPU iPhone OS 6_0 like Mac OS X; en_US) AppleWebKit (KHTML, like Gecko) Mobile [FBAN/FBForIPhone;FBAV/4.1.1;FBBV/4110.0;FBDV/iPhone4,1;FBMD/iPhone;FBSN/iPhone OS;FBSV/6.0;FBSS/2; FBCR/VirginMobile;FBID/phone;FBLC/en_US;FBSF/2.0]",
        "datr_cookie": "1cfN********************"
      }
    },
    {
      "event": "Remove Profile Photo",
      "session": {
        "created_timestamp": 1355628319,
        "ip_address": "121.221.216.202",
        "user_agent": "Mozilla/5.0 (Macintosh; Intel Mac OS X 10_6_8) AppleWebKit/537.4 (KHTML, like Gecko) Chrome/22.0.1229.94 Safari/537.4",
        "datr_cookie": "1xul********************"
      }
    },
    {
      "event": "Remove Profile Photo",
      "session": {
        "created_timestamp": 1355627706,
        "ip_address": "121.221.216.202",
        "user_agent": "Mozilla/5.0 (Macintosh; Intel Mac OS X 10_6_8) AppleWebKit/537.4 (KHTML, like Gecko) Chrome/22.0.1229.94 Safari/537.4",
        "datr_cookie": "1xul********************"
      }
    },
    {
      "event": "Remove Profile Photo",
      "session": {
        "created_timestamp": 1355601671,
        "ip_address": "49.176.36.50",
        "user_agent": "Mozilla/5.0 (iPhone; U; CPU iPhone OS 6_0 like Mac OS X; en_US) AppleWebKit (KHTML, like Gecko) Mobile [FBAN/FBForIPhone;FBAV/4.1.1;FBBV/4110.0;FBDV/iPhone4,1;FBMD/iPhone;FBSN/iPhone OS;FBSV/6.0;FBSS/2; FBCR/VirginMobile;FBID/phone;FBLC/en_US;FBSF/2.0]",
        "datr_cookie": "AtfM********************"
      }
    },
    {
      "event": "Remove Profile Photo",
      "session": {
        "created_timestamp": 1355234922,
        "ip_address": "49.176.8.220",
        "user_agent": "Mozilla/5.0 (iPhone; U; CPU iPhone OS 6_0 like Mac OS X; en_US) AppleWebKit (KHTML, like Gecko) Mobile [FBAN/FBForIPhone;FBAV/4.1.1;FBBV/4110.0;FBDV/iPhone4,1;FBMD/iPhone;FBSN/iPhone OS;FBSV/6.0;FBSS/2; FBCR/VirginMobile;FBID/phone;FBLC/en_US;FBSF/2.0]",
        "datr_cookie": "Zj7H********************"
      }
    },
    {
      "event": "Remove Profile Photo",
      "session": {
        "created_timestamp": 1354859356,
        "ip_address": "121.215.51.20",
        "user_agent": "Mozilla/5.0 (iPhone; U; CPU iPhone OS 6_0 like Mac OS X; en_US) AppleWebKit (KHTML, like Gecko) Mobile [FBAN/FBForIPhone;FBAV/4.1.1;FBBV/4110.0;FBDV/iPhone4,1;FBMD/iPhone;FBSN/iPhone OS;FBSV/6.0;FBSS/2; FBCR/VirginMobile;FBID/phone;FBLC/en_US;FBSF/2.0]",
        "datr_cookie": "WIPB********************"
      }
    },
    {
      "event": "Remove Profile Photo",
      "session": {
        "created_timestamp": 1353660677,
        "ip_address": "121.215.51.20",
        "user_agent": "Mozilla/5.0 (Macintosh; Intel Mac OS X 10_6_8) AppleWebKit/537.4 (KHTML, like Gecko) Chrome/22.0.1229.94 Safari/537.4",
        "datr_cookie": "1xul********************"
      }
    },
    {
      "event": "Remove Profile Photo",
      "session": {
        "created_timestamp": 1352982177,
        "ip_address": "121.215.51.20",
        "user_agent": "Mozilla/5.0 (Macintosh; Intel Mac OS X 10_6_8) AppleWebKit/537.4 (KHTML, like Gecko) Chrome/22.0.1229.94 Safari/537.4",
        "datr_cookie": "8g6b********************"
      }
    },
    {
      "event": "Remove Profile Photo",
      "session": {
        "created_timestamp": 1352600729,
        "ip_address": "121.215.51.20",
        "user_agent": "Mozilla/5.0 (Macintosh; Intel Mac OS X 10_6_8) AppleWebKit/537.4 (KHTML, like Gecko) Chrome/22.0.1229.94 Safari/537.4",
        "datr_cookie": "8g6b********************"
      }
    },
    {
      "event": "Remove Profile Photo",
      "session": {
        "created_timestamp": 1352600588,
        "ip_address": "121.215.51.20",
        "user_agent": "Mozilla/5.0 (Macintosh; Intel Mac OS X 10_6_8) AppleWebKit/537.4 (KHTML, like Gecko) Chrome/22.0.1229.94 Safari/537.4",
        "datr_cookie": "8g6b********************"
      }
    },
    {
      "event": "Name Change",
      "session": {
        "created_timestamp": 1352355365,
        "ip_address": "121.215.51.20",
        "user_agent": "Mozilla/5.0 (Macintosh; Intel Mac OS X 10_7_4) AppleWebKit/534.57.2 (KHTML, like Gecko) Version/5.1.7 Safari/534.57.2",
        "datr_cookie": "4Icz********************"
      }
    },
    {
      "event": "Remove Profile Photo",
      "session": {
        "created_timestamp": 1352168553,
        "ip_address": "121.215.51.20",
        "user_agent": "Mozilla/5.0 (Macintosh; U; Intel Mac OS X 10_6_8; en-us) AppleWebKit/533.21.1 (KHTML, like Gecko) Version/5.0.5 Safari/533.21.1",
        "datr_cookie": "7HmG********************"
      }
    },
    {
      "event": "Remove Profile Photo",
      "session": {
        "created_timestamp": 1349102372,
        "ip_address": "124.182.164.107",
        "user_agent": "Mozilla/5.0 (Macintosh; Intel Mac OS X 10_7_4) AppleWebKit/534.57.2 (KHTML, like Gecko) Version/5.1.7 Safari/534.57.2",
        "datr_cookie": "4Icz********************"
      }
    },
    {
      "event": "Remove Profile Photo",
      "session": {
        "created_timestamp": 1349061563,
        "ip_address": "124.178.45.8",
        "user_agent": "Mozilla/5.0 (Macintosh; Intel Mac OS X 10_7_4) AppleWebKit/534.57.2 (KHTML, like Gecko) Version/5.1.7 Safari/534.57.2",
        "datr_cookie": "4Icz********************"
      }
    },
    {
      "event": "Remove Profile Photo",
      "session": {
        "created_timestamp": 1347753298,
        "ip_address": "58.169.234.85",
        "user_agent": "Mozilla/5.0 (iPhone; U; CPU iPhone OS 5_1_1 like Mac OS X; en_US) AppleWebKit (KHTML, like Gecko) Mobile [FBAN/FBForIPhone;FBAV/4.1.1;FBBV/4110.0;FBDV/iPhone4,1;FBMD/iPhone;FBSN/iPhone OS;FBSV/5.1.1;FBSS/2; FBCR/VirginMobile;FBID/phone;FBLC/en_US;FBSF/2.0]",
        "datr_cookie": "UBVV********************"
      }
    },
    {
      "event": "Remove Profile Photo",
      "session": {
        "created_timestamp": 1347752550,
        "ip_address": "58.169.234.85",
        "user_agent": "Mozilla/5.0 (iPhone; U; CPU iPhone OS 5_1_1 like Mac OS X; en_US) AppleWebKit (KHTML, like Gecko) Mobile [FBAN/FBForIPhone;FBAV/4.1.1;FBBV/4110.0;FBDV/iPhone4,1;FBMD/iPhone;FBSN/iPhone OS;FBSV/5.1.1;FBSS/2; FBCR/VirginMobile;FBID/phone;FBLC/en_US;FBSF/2.0]",
        "datr_cookie": "YhJV********************"
      }
    },
    {
      "event": "Remove Profile Photo",
      "session": {
        "created_timestamp": 1347538930,
        "ip_address": "58.169.234.85",
        "user_agent": "Mozilla/5.0 (Macintosh; Intel Mac OS X 10_7_4) AppleWebKit/534.57.2 (KHTML, like Gecko) Version/5.1.7 Safari/534.57.2",
        "datr_cookie": "4Icz********************"
      }
    },
    {
      "event": "Remove Profile Photo",
      "session": {
        "created_timestamp": 1347538506,
        "ip_address": "58.169.234.85",
        "user_agent": "Mozilla/5.0 (Macintosh; Intel Mac OS X 10_7_4) AppleWebKit/534.57.2 (KHTML, like Gecko) Version/5.1.7 Safari/534.57.2",
        "datr_cookie": "4Icz********************"
      }
    },
    {
      "event": "Remove Profile Photo",
      "session": {
        "created_timestamp": 1347538456,
        "ip_address": "58.169.234.85",
        "user_agent": "Mozilla/5.0 (Macintosh; Intel Mac OS X 10_7_4) AppleWebKit/534.57.2 (KHTML, like Gecko) Version/5.1.7 Safari/534.57.2",
        "datr_cookie": "4Icz********************"
      }
    },
    {
      "event": "Security question and response changed",
      "session": {
        "created_timestamp": 1346510478,
        "ip_address": "124.178.177.179",
        "user_agent": "Mozilla/5.0 (Macintosh; Intel Mac OS X 10_7_4) AppleWebKit/534.57.2 (KHTML, like Gecko) Version/5.1.7 Safari/534.57.2",
        "datr_cookie": "4Icz********************"
      }
    },
    {
      "event": "Remove Profile Photo",
      "session": {
        "created_timestamp": 1345881746,
        "ip_address": "49.176.33.202",
        "user_agent": "Mozilla/5.0 (iPhone; U; CPU iPhone OS 5_1_1 like Mac OS X; en_US) AppleWebKit (KHTML, like Gecko) Mobile [FBAN/FBForIPhone;FBAV/4.1.1;FBBV/4110.0;FBDV/iPhone4,1;FBMD/iPhone;FBSN/iPhone OS;FBSV/5.1.1;FBSS/2; FBCR/VirginMobile;FBID/phone;FBLC/en_US;FBSF/2.0]",
        "datr_cookie": "j4Y4********************"
      }
    },
    {
      "event": "Checkpoint completed",
      "session": {
        "created_timestamp": 1345348679,
        "ip_address": "124.178.177.179",
        "user_agent": "",
        "datr_cookie": ""
      }
    },
    {
      "event": "Add Phone Number",
      "session": {
        "created_timestamp": 1345348667,
        "ip_address": "124.178.177.179",
        "user_agent": "Mozilla/5.0 (Macintosh; Intel Mac OS X 10.7; rv:5.0.1) Gecko/20100101 Firefox/5.0.1",
        "datr_cookie": "tuSf********************"
      }
    },
    {
      "event": "Remove Profile Photo",
      "session": {
        "created_timestamp": 1344138666,
        "ip_address": "60.230.252.39",
        "user_agent": "Mozilla/5.0 (Macintosh; Intel Mac OS X 10.7; rv:5.0.1) Gecko/20100101 Firefox/5.0.1",
        "datr_cookie": "tuSf********************"
      }
    },
    {
      "event": "Remove Profile Photo",
      "session": {
        "created_timestamp": 1343900537,
        "ip_address": "60.230.252.39",
        "user_agent": "Mozilla/5.0 (Macintosh; Intel Mac OS X 10_7_4) AppleWebKit/534.57.2 (KHTML, like Gecko) Version/5.1.7 Safari/534.57.2",
        "datr_cookie": "4Icz********************"
      }
    },
    {
      "event": "Name Change",
      "session": {
        "created_timestamp": 1343900297,
        "ip_address": "60.230.252.39",
        "user_agent": "Mozilla/5.0 (Macintosh; Intel Mac OS X 10_7_4) AppleWebKit/534.57.2 (KHTML, like Gecko) Version/5.1.7 Safari/534.57.2",
        "datr_cookie": "4Icz********************"
      }
    },
    {
      "event": "Username",
      "session": {
        "created_timestamp": 1343896430,
        "ip_address": "60.230.252.39",
        "user_agent": "",
        "datr_cookie": ""
      }
    }
  ]
}