{
  "recognized_devices": [
    {
      "name": "Chrome on Mac OS X",
      "created_timestamp": 1453255166,
      "updated_timestamp": 1475750249,
      "ip_address": "58.140.41.67",
      "user_agent": "Mozilla/5.0 (iPhone; CPU iPhone OS 8_3 like Mac OS X) AppleWebKit/600.1.4 (KHTML, like Gecko) Mobile/12F70 [FBAN/FBIOS;FBAV/46.0.0.54.156;FBBV/18972819;FBDV/iPhone7,2;FBMD/iPhone;FBSN/iPhone OS;FBSV/8.3;FBSS/2; FBCR/VirginMobile;FBID/phone;FBLC/en_US;FBOP/5]",
      "datr_cookie": ""
    },
    {
      "name": "Chrome on Windows",
      "created_timestamp": 1411016986,
      "updated_timestamp": 1473401050,
      "ip_address": "202.165.88.62",
      "user_agent": "Mozilla/5.0 (Windows NT 5.1) AppleWebKit/537.36 (KHTML, like Gecko) Chrome/37.0.2062.120 Safari/537.36",
      "datr_cookie": ""
    },
    {
      "name": "Chrome on Mac OS X",
      "created_timestamp": 1403950182,
      "updated_timestamp": 1469255037,
      "ip_address": "58.167.247.31",
      "user_agent": "Mozilla/5.0 (Macintosh; Intel Mac OS X 10_7_5) AppleWebKit/537.36 (KHTML, like Gecko) Chrome/33.0.1750.152 Safari/537.36",
      "datr_cookie": ""
    },
    {
      "name": "Facebook for iPhone",
      "created_timestamp": 1385633960,
      "updated_timestamp": 1435620151,
      "ip_address": "49.183.35.154",
      "user_agent": "Mozilla/5.0 (iPhone; CPU iPhone OS 7_0 like Mac OS X) AppleWebKit/537.51.1 (KHTML, like Gecko) Mobile/11A465 [FBAN/FBIOS;FBAV/6.7.2;FBBV/603804;FBDV/iPhone4,1;FBMD/iPhone;FBSN/iPhone OS;FBSV/7.0;FBSS/2; FBCR/VirginMobile;FBID/phone;FBLC/en_US;FBOP/5]",
      "datr_cookie": ""
    },
    {
      "name": "Chrome on Mac OS X",
      "created_timestamp": 1379088852,
      "updated_timestamp": 1429956701,
      "ip_address": "124.182.3.155",
      "user_agent": "Mozilla/5.0 (Macintosh; Intel Mac OS X 10_6_4) AppleWebKit/537.36 (KHTML, like Gecko) Chrome/29.0.1547.65 Safari/537.36",
      "datr_cookie": ""
    },
    {
      "name": "Chrome on Windows",
      "created_timestamp": 1413437281,
      "updated_timestamp": 1428665950,
      "ip_address": "202.165.88.62",
      "user_agent": "Mozilla/5.0 (Windows NT 6.3; WOW64) AppleWebKit/537.36 (KHTML, like Gecko) Chrome/38.0.2125.104 Safari/537.36",
      "datr_cookie": ""
    },
    {
      "name": "Mobile Safari on Apple iPhone",
      "created_timestamp": 1408544967,
      "updated_timestamp": 1427980222,
      "ip_address": "124.171.125.248",
      "user_agent": "Mozilla/5.0 (iPhone; CPU iPhone OS 7_0 like Mac OS X) AppleWebKit/537.51.1 (KHTML, like Gecko) Version/7.0 Mobile/11A465 Safari/9537.53",
      "datr_cookie": ""
    },
    {
      "name": "iOS",
      "created_timestamp": 1427136904,
      "ip_address": "86.177.154.227",
      "user_agent": "Mozilla/5.0 (Macintosh; Intel Mac OS X 10_6_8) AppleWebKit/537.36 (KHTML, like Gecko) Chrome/41.0.2272.101 Safari/537.36",
      "datr_cookie": ""
    },
    {
      "name": "Chrome on Mac OS X",
      "created_timestamp": 1388370339,
      "updated_timestamp": 1426838445,
      "ip_address": "1.122.183.126",
      "user_agent": "Mozilla/5.0 (Macintosh; Intel Mac OS X 10_6_8) AppleWebKit/537.4 (KHTML, like Gecko) Chrome/22.0.1229.94 Safari/537.4",
      "datr_cookie": ""
    },
    {
      "name": "Safari on Mac OS X",
      "created_timestamp": 1380166683,
      "updated_timestamp": 1426484161,
      "ip_address": "121.215.41.76",
      "user_agent": "Mozilla/5.0 (Macintosh; Intel Mac OS X 10_6_8) AppleWebKit/534.57.2 (KHTML, like Gecko) Version/5.1.7 Safari/534.57.2",
      "datr_cookie": ""
    },
    {
      "name": "Facebook for iPhone",
      "created_timestamp": 1423310764,
      "ip_address": "49.196.128.181",
      "user_agent": "Mozilla/5.0 (iPhone; CPU iPhone OS 8_1_2 like Mac OS X) AppleWebKit/600.1.4 (KHTML, like Gecko) Mobile/12B440 [FBAN/FBIOS;FBAV/6.9.1;FBBV/1102303;FBDV/iPhone7,2;FBMD/iPhone;FBSN/iPhone OS;FBSV/8.1.2;FBSS/2; FBCR/VirginMobile;FBID/phone;FBLC/en_US;FBOP/5]",
      "datr_cookie": ""
    },
    {
      "name": "Apple iPhone4,1",
      "created_timestamp": 1412475918,
      "updated_timestamp": 1412475919,
      "ip_address": "49.183.134.5",
      "user_agent": "Instagram 6.0.9 (iPhone4,1; iPhone OS 7_0; en_AU; en) AppleWebKit/420+",
      "datr_cookie": ""
    },
    {
      "name": "Apple iPhone4,1",
      "created_timestamp": 1412072701,
      "updated_timestamp": 1412072702,
      "ip_address": "49.184.9.178",
      "user_agent": "Instagram 6.0.9 (iPhone4,1; iPhone OS 7_0; en_AU; en) AppleWebKit/420+",
      "datr_cookie": ""
    },
    {
      "name": "Chrome on Windows",
      "created_timestamp": 1389320358,
      "updated_timestamp": 1407810567,
      "ip_address": "203.91.93.165",
      "user_agent": "Mozilla/5.0 (Windows NT 5.1) AppleWebKit/537.36 (KHTML, like Gecko) Chrome/32.0.1700.72 Safari/537.36",
      "datr_cookie": ""
    },
    {
      "name": "IE on Windows",
      "created_timestamp": 1399449756,
      "updated_timestamp": 1399602121,
      "ip_address": "202.165.88.62",
      "user_agent": "Mozilla/5.0 (Windows NT 6.3; WOW64; Trident/7.0; TAJB; rv:11.0) like Gecko",
      "datr_cookie": ""
    },
    {
      "name": "Facebook for Android",
      "created_timestamp": 1399124544,
      "ip_address": "1.127.85.64",
      "user_agent": "[FBAN/FB4A;FBAV/8.0.0.26.24;FBBV/2119853;FBDM/{density=1.5,width=480,height=800};FBLC/en_US;FBCR/Telstra;FBPN/com.facebook.katana;FBDV/GT-I9100T;FBSV/4.1.2;FBOP/1;FBCA/armeabi-v7a:armeabi;]",
      "datr_cookie": ""
    },
    {
      "name": "Firefox on Mac OS X",
      "created_timestamp": 1395291721,
      "ip_address": "120.145.133.114",
      "user_agent": "Mozilla/5.0 (Macintosh; Intel Mac OS X 10.6; rv:27.0) Gecko/20100101 Firefox/27.0",
      "datr_cookie": ""
    },
    {
      "name": "Firefox on Windows",
      "created_timestamp": 1377833738,
      "updated_timestamp": 1394335122,
      "ip_address": "203.91.93.165",
      "user_agent": "Mozilla/5.0 (Windows NT 5.1; rv:22.0) Gecko/20100101 Firefox/22.0",
      "datr_cookie": ""
    },
    {
      "name": "Firefox on Mac OS X",
      "created_timestamp": 1393590952,
      "ip_address": "124.182.134.49",
      "user_agent": "Mozilla/5.0 (Macintosh; Intel Mac OS X 10.6; rv:16.0) Gecko/20100101 Firefox/16.0",
      "datr_cookie": ""
    },
    {
      "name": "Chrome on Mac OS X",
      "created_timestamp": 1390466396,
      "updated_timestamp": 1390466398,
      "ip_address": "124.182.164.149",
      "user_agent": "Mozilla/5.0 (Macintosh; Intel Mac OS X 10_6_8) AppleWebKit/537.4 (KHTML, like Gecko) Chrome/22.0.1229.94 Safari/537.4",
      "datr_cookie": ""
    },
    {
      "name": "Chrome on Mac OS X",
      "created_timestamp": 1382541728,
      "updated_timestamp": 1389367609,
      "ip_address": "106.68.6.192",
      "user_agent": "Mozilla/5.0 (Macintosh; Intel Mac OS X 10_8_5) AppleWebKit/537.36 (KHTML, like Gecko) Chrome/30.0.1599.101 Safari/537.36",
      "datr_cookie": ""
    },
    {
      "name": "Chrome on Mac OS X",
      "created_timestamp": 1389106327,
      "updated_timestamp": 1389106328,
      "ip_address": "120.145.63.165",
      "user_agent": "Mozilla/5.0 (Macintosh; Intel Mac OS X 10_6_8) AppleWebKit/537.4 (KHTML, like Gecko) Chrome/22.0.1229.94 Safari/537.4",
      "datr_cookie": ""
    },
    {
      "name": "Chrome on Mac OS X",
      "created_timestamp": 1388920470,
      "ip_address": "120.145.63.165",
      "user_agent": "Mozilla/5.0 (Macintosh; Intel Mac OS X 10_6_8) AppleWebKit/537.4 (KHTML, like Gecko) Chrome/22.0.1229.94 Safari/537.4",
      "datr_cookie": ""
    },
    {
      "name": "Chrome on Windows",
      "created_timestamp": 1376623411,
      "updated_timestamp": 1388297405,
      "ip_address": "203.91.93.165",
      "user_agent": "Mozilla/5.0 (Windows NT 5.1) AppleWebKit/537.36 (KHTML, like Gecko) Chrome/28.0.1500.95 Safari/537.36",
      "datr_cookie": ""
    },
    {
      "name": "Chrome on Mac OS X",
      "created_timestamp": 1376481227,
      "updated_timestamp": 1387889899,
      "ip_address": "1.122.168.234",
      "user_agent": "Mozilla/5.0 (Macintosh; Intel Mac OS X 10_6_8) AppleWebKit/537.4 (KHTML, like Gecko) Chrome/22.0.1229.94 Safari/537.4",
      "datr_cookie": ""
    },
    {
      "name": "Facebook for iPhone",
      "created_timestamp": 1386688494,
      "ip_address": "49.183.40.223",
      "user_agent": "Mozilla/5.0 (iPhone; CPU iPhone OS 7_0_3 like Mac OS X) AppleWebKit/537.51.1 (KHTML, like Gecko) Mobile/11B511 [FBAN/FBIOS;FBAV/6.6;FBBV/446101;FBDV/iPhone4,1;FBMD/iPhone;FBSN/iPhone OS;FBSV/7.0.3;FBSS/2; FBCR/VirginMobile;FBID/phone;FBLC/en_US;FBOP/5]",
      "datr_cookie": ""
    },
    {
      "name": "Chrome on Mac OS X",
      "created_timestamp": 1386258057,
      "ip_address": "120.145.85.48",
      "user_agent": "Mozilla/5.0 (Macintosh; Intel Mac OS X 10_6_8) AppleWebKit/537.4 (KHTML, like Gecko) Chrome/22.0.1229.94 Safari/537.4",
      "datr_cookie": ""
    },
    {
      "name": "Facebook for iPhone",
      "created_timestamp": 1385293516,
      "ip_address": "1.126.42.154",
      "user_agent": "Mozilla/5.0 (iPhone; CPU iPhone OS 7_0_3 like Mac OS X) AppleWebKit/537.51.1 (KHTML, like Gecko) Mobile/11B511 [FBAN/FBIOS;FBAV/6.5.1;FBBV/377040;FBDV/iPhone5,2;FBMD/iPhone;FBSN/iPhone OS;FBSV/7.0.3;FBSS/2; FBCR/Telstra;FBID/phone;FBLC/en_US;FBOP/5]",
      "datr_cookie": ""
    },
    {
      "name": "Facebook for iPhone",
      "created_timestamp": 1385283699,
      "ip_address": "49.196.7.101",
      "user_agent": "Mozilla/5.0 (iPhone; CPU iPhone OS 7_0_3 like Mac OS X) AppleWebKit/537.51.1 (KHTML, like Gecko) Mobile/11B511 [FBAN/FBIOS;FBAV/6.7.2;FBBV/603804;FBDV/iPhone5,2;FBMD/iPhone;FBSN/iPhone OS;FBSV/7.0.3;FBSS/2; FBCR/VirginMobile;FBID/phone;FBLC/en_US;FBOP/5]",
      "datr_cookie": ""
    },
    {
      "name": "Facebook for iPhone",
      "created_timestamp": 1385221630,
      "ip_address": "49.196.8.123",
      "user_agent": "Mozilla/5.0 (iPhone; CPU iPhone OS 6_1_3 like Mac OS X) AppleWebKit/536.26 (KHTML, like Gecko) Mobile/10B329 [FBAN/FBIOS;FBAV/6.7.2;FBBV/603804;FBDV/iPhone2,1;FBMD/iPhone;FBSN/iPhone OS;FBSV/6.1.3;FBSS/1; FBCR/OPTUS;FBID/phone;FBLC/en_US;FBOP/1]",
      "datr_cookie": ""
    },
    {
      "name": "Chrome on Mac OS X",
      "created_timestamp": 1384844220,
      "updated_timestamp": 1384844221,
      "ip_address": "121.221.217.116",
      "user_agent": "Mozilla/5.0 (Macintosh; Intel Mac OS X 10_6_8) AppleWebKit/537.17 (KHTML, like Gecko) Chrome/24.0.1312.52 Safari/537.17",
      "datr_cookie": ""
    },
    {
      "name": "Firefox on Windows",
      "created_timestamp": 1382673892,
      "ip_address": "203.91.93.165",
      "user_agent": "Mozilla/5.0 (Windows NT 5.1; rv:24.0) Gecko/20100101 Firefox/24.0",
      "datr_cookie": ""
    },
    {
      "name": "Chrome on Mac OS X",
      "created_timestamp": 1382447765,
      "ip_address": "124.148.102.10",
      "user_agent": "Mozilla/5.0 (Macintosh; Intel Mac OS X 10_8_0) AppleWebKit/537.36 (KHTML, like Gecko) Chrome/30.0.1599.101 Safari/537.36",
      "datr_cookie": ""
    },
    {
      "name": "Safari on Mac OS X",
      "created_timestamp": 1380415819,
      "updated_timestamp": 1381763093,
      "ip_address": "121.215.41.76",
      "user_agent": "Mozilla/5.0 (Macintosh; Intel Mac OS X 10_7_5) AppleWebKit/536.30.1 (KHTML, like Gecko) Version/6.0.5 Safari/536.30.1",
      "datr_cookie": ""
    },
    {
      "name": "Firefox on Mac OS X",
      "created_timestamp": 1379777937,
      "ip_address": "121.215.41.76",
      "user_agent": "Mozilla/5.0 (Macintosh; Intel Mac OS X 10.7; rv:5.0.1) Gecko/20100101 Firefox/5.0.1",
      "datr_cookie": ""
    },
    {
      "name": "Safari on Mac OS X",
      "created_timestamp": 1376703905,
      "updated_timestamp": 1378787721,
      "ip_address": "120.145.39.122",
      "user_agent": "Mozilla/5.0 (Macintosh; U; Intel Mac OS X 10_6_4; en-us) AppleWebKit/533.18.1 (KHTML, like Gecko) Version/5.0.2 Safari/533.18.5",
      "datr_cookie": ""
    }
  ]
}