{
  "login_protection_data": [
    {
      "name": "IP Address: 193.119.39.232",
      "session": {
        "created_timestamp": 1571402686,
        "updated_timestamp": 1573605366,
        "ip_address": "193.119.39.232"
      }
    },
    {
      "name": "Estimated location inferred from IP -31.976, 115.88",
      "session": {
        "created_timestamp": 1375281197,
        "updated_timestamp": 1573525284
      }
    },
    {
      "name": "IP Address: 49.196.3.68",
      "session": {
        "created_timestamp": 1573525284,
        "ip_address": "49.196.3.68"
      }
    },
    {
      "name": "IP Address: 49.196.24.96",
      "session": {
        "created_timestamp": 1572666909,
        "ip_address": "49.196.24.96"
      }
    },
    {
      "name": "IP Address: 220.240.149.94",
      "session": {
        "created_timestamp": 1572443953,
        "ip_address": "220.240.149.94"
      }
    },
    {
      "name": "Cookie: _J-I********************",
      "session": {
        "created_timestamp": 1571027120,
        "updated_timestamp": 1572269028,
        "ip_address": "202.161.125.232"
      }
    },
    {
      "name": "IP Address: 115.64.205.59",
      "session": {
        "created_timestamp": 1572269028,
        "ip_address": "115.64.205.59"
      }
    },
    {
      "name": "IP Address: 194.223.85.111",
      "session": {
        "created_timestamp": 1571887653,
        "ip_address": "194.223.85.111"
      }
    },
    {
      "name": "IP Address: 49.196.172.191",
      "session": {
        "created_timestamp": 1571734699,
        "ip_address": "49.196.172.191"
      }
    },
    {
      "name": "IP Address: 49.196.150.206",
      "session": {
        "created_timestamp": 1571652100,
        "ip_address": "49.196.150.206"
      }
    },
    {
      "name": "IP Address: 134.7.129.124",
      "session": {
        "created_timestamp": 1571637322,
        "ip_address": "134.7.129.124"
      }
    },
    {
      "name": "IP Address: 220.245.16.181",
      "session": {
        "created_timestamp": 1571539377,
        "ip_address": "220.245.16.181"
      }
    },
    {
      "name": "IP Address: 49.196.164.188",
      "session": {
        "created_timestamp": 1571120041,
        "ip_address": "49.196.164.188"
      }
    },
    {
      "name": "IP Address: 202.161.125.232",
      "session": {
        "created_timestamp": 1570853911,
        "ip_address": "202.161.125.232"
      }
    },
    {
      "name": "IP Address: 115.64.92.199",
      "session": {
        "created_timestamp": 1570755893,
        "ip_address": "115.64.92.199"
      }
    },
    {
      "name": "IP Address: 60.242.47.64",
      "session": {
        "created_timestamp": 1570573525,
        "ip_address": "60.242.47.64"
      }
    },
    {
      "name": "IP Address: 49.196.163.201",
      "session": {
        "created_timestamp": 1570500551,
        "ip_address": "49.196.163.201"
      }
    },
    {
      "name": "IP Address: 60.242.70.184",
      "session": {
        "created_timestamp": 1569975980,
        "ip_address": "60.242.70.184"
      }
    },
    {
      "name": "IP Address: 49.196.155.194",
      "session": {
        "created_timestamp": 1569900159,
        "ip_address": "49.196.155.194"
      }
    },
    {
      "name": "IP Address: 49.196.161.144",
      "session": {
        "created_timestamp": 1569653132,
        "ip_address": "49.196.161.144"
      }
    },
    {
      "name": "IP Address: 115.70.123.117",
      "session": {
        "created_timestamp": 1569370975,
        "ip_address": "115.70.123.117"
      }
    },
    {
      "name": "IP Address: 134.7.130.244",
      "session": {
        "created_timestamp": 1569221191,
        "ip_address": "134.7.130.244"
      }
    },
    {
      "name": "IP Address: 49.196.7.153",
      "session": {
        "created_timestamp": 1568852311,
        "ip_address": "49.196.7.153"
      }
    },
    {
      "name": "IP Address: 49.196.160.183",
      "session": {
        "created_timestamp": 1568772415,
        "ip_address": "49.196.160.183"
      }
    },
    {
      "name": "IP Address: 49.196.43.172",
      "session": {
        "created_timestamp": 1568526877,
        "ip_address": "49.196.43.172"
      }
    },
    {
      "name": "IP Address: 14.201.104.220",
      "session": {
        "created_timestamp": 1568336074,
        "ip_address": "14.201.104.220"
      }
    },
    {
      "name": "IP Address: 49.196.20.137",
      "session": {
        "created_timestamp": 1568271483,
        "ip_address": "49.196.20.137"
      }
    },
    {
      "name": "IP Address: 14.200.34.40",
      "session": {
        "created_timestamp": 1568211110,
        "ip_address": "14.200.34.40"
      }
    },
    {
      "name": "IP Address: 14.203.220.237",
      "session": {
        "created_timestamp": 1567779203,
        "ip_address": "14.203.220.237"
      }
    },
    {
      "name": "IP Address: 49.196.9.149",
      "session": {
        "created_timestamp": 1567561331,
        "ip_address": "49.196.9.149"
      }
    },
    {
      "name": "IP Address: 49.196.170.130",
      "session": {
        "created_timestamp": 1567555277,
        "ip_address": "49.196.170.130"
      }
    },
    {
      "name": "IP Address: 49.196.173.246",
      "session": {
        "created_timestamp": 1567325011,
        "ip_address": "49.196.173.246"
      }
    },
    {
      "name": "IP Address: 49.185.2.243",
      "session": {
        "created_timestamp": 1567092387,
        "ip_address": "49.185.2.243"
      }
    },
    {
      "name": "Estimated location inferred from IP -37.816, 144.976",
      "session": {
        "created_timestamp": 1538026071,
        "updated_timestamp": 1566892066,
        "ip_address": "49.183.154.75"
      }
    },
    {
      "name": "IP Address: 49.199.216.220",
      "session": {
        "created_timestamp": 1566892066,
        "ip_address": "49.199.216.220"
      }
    },
    {
      "name": "IP Address: 2406:3400:611:ff10:cd9a:e21a:8d9d:74c3",
      "session": {
        "created_timestamp": 1565148086,
        "updated_timestamp": 1566867984,
        "ip_address": "2406:3400:611:ff10:cd9a:e21a:8d9d:74c3"
      }
    },
    {
      "name": "IP Address: 49.196.165.247",
      "session": {
        "created_timestamp": 1566640649,
        "ip_address": "49.196.165.247"
      }
    },
    {
      "name": "IP Address: 49.196.22.237",
      "session": {
        "created_timestamp": 1565580648,
        "ip_address": "49.196.22.237"
      }
    },
    {
      "name": "IP Address: 106.69.11.110",
      "session": {
        "created_timestamp": 1565183568,
        "ip_address": "106.69.11.110"
      }
    },
    {
      "name": "IP Address: 49.196.32.19",
      "session": {
        "created_timestamp": 1564642519,
        "ip_address": "49.196.32.19"
      }
    },
    {
      "name": "IP Address: 49.196.21.49",
      "session": {
        "created_timestamp": 1563956185,
        "ip_address": "49.196.21.49"
      }
    },
    {
      "name": "IP Address: 49.196.30.207",
      "session": {
        "created_timestamp": 1563532913,
        "ip_address": "49.196.30.207"
      }
    },
    {
      "name": "IP Address: 49.196.153.98",
      "session": {
        "created_timestamp": 1563409693,
        "ip_address": "49.196.153.98"
      }
    },
    {
      "name": "IP Address: 49.196.156.252",
      "session": {
        "created_timestamp": 1563089432,
        "ip_address": "49.196.156.252"
      }
    },
    {
      "name": "IP Address: 106.68.116.86",
      "session": {
        "created_timestamp": 1562826889,
        "ip_address": "106.68.116.86"
      }
    },
    {
      "name": "IP Address: 49.196.26.119",
      "session": {
        "created_timestamp": 1562737825,
        "ip_address": "49.196.26.119"
      }
    },
    {
      "name": "IP Address: 49.196.25.91",
      "session": {
        "created_timestamp": 1562547292,
        "ip_address": "49.196.25.91"
      }
    },
    {
      "name": "IP Address: 106.68.115.157",
      "session": {
        "created_timestamp": 1562532211,
        "ip_address": "106.68.115.157"
      }
    },
    {
      "name": "Estimated location inferred from IP -32.152, 115.792",
      "session": {
        "created_timestamp": 1466745590,
        "updated_timestamp": 1562532211
      }
    },
    {
      "name": "Cookie: Ecz3********************",
      "session": {
        "created_timestamp": 1526189159,
        "updated_timestamp": 1562532211,
        "ip_address": "101.186.105.238"
      }
    },
    {
      "name": "IP Address: 49.196.28.129",
      "session": {
        "created_timestamp": 1562286891,
        "ip_address": "49.196.28.129"
      }
    },
    {
      "name": "IP Address: 106.68.117.106",
      "session": {
        "created_timestamp": 1562148456,
        "ip_address": "106.68.117.106"
      }
    },
    {
      "name": "IP Address: 106.68.120.244",
      "session": {
        "created_timestamp": 1561455373,
        "ip_address": "106.68.120.244"
      }
    },
    {
      "name": "IP Address: 49.196.27.12",
      "session": {
        "created_timestamp": 1561197990,
        "ip_address": "49.196.27.12"
      }
    },
    {
      "name": "IP Address: 49.196.23.166",
      "session": {
        "created_timestamp": 1559956914,
        "ip_address": "49.196.23.166"
      }
    },
    {
      "name": "IP Address: 49.196.42.42",
      "session": {
        "created_timestamp": 1559920833,
        "ip_address": "49.196.42.42"
      }
    },
    {
      "name": "IP Address: 49.196.35.129",
      "session": {
        "created_timestamp": 1559870119,
        "ip_address": "49.196.35.129"
      }
    },
    {
      "name": "IP Address: 49.196.154.11",
      "session": {
        "created_timestamp": 1559832171,
        "ip_address": "49.196.154.11"
      }
    },
    {
      "name": "IP Address: 220.235.38.26",
      "session": {
        "created_timestamp": 1558710510,
        "ip_address": "220.235.38.26"
      }
    },
    {
      "name": "IP Address: 220.235.44.106",
      "session": {
        "created_timestamp": 1558673408,
        "ip_address": "220.235.44.106"
      }
    },
    {
      "name": "IP Address: 49.196.37.30",
      "session": {
        "created_timestamp": 1558172927,
        "ip_address": "49.196.37.30"
      }
    },
    {
      "name": "Estimated location inferred from IP -32.328, 115.704",
      "session": {
        "created_timestamp": 1467787942,
        "updated_timestamp": 1557719323
      }
    },
    {
      "name": "Cookie: 9OjY********************",
      "session": {
        "created_timestamp": 1557719323,
        "ip_address": "134.7.91.122"
      }
    },
    {
      "name": "IP Address: 134.7.91.122",
      "session": {
        "created_timestamp": 1557719323,
        "ip_address": "134.7.91.122"
      }
    },
    {
      "name": "IP Address: 134.7.235.177",
      "session": {
        "created_timestamp": 1553481142,
        "updated_timestamp": 1557709400,
        "ip_address": "134.7.235.177"
      }
    },
    {
      "name": "Estimated location inferred from IP -30.744, 121.416",
      "session": {
        "created_timestamp": 1485707766,
        "updated_timestamp": 1557709400
      }
    },
    {
      "name": "IP Address: 106.68.102.135",
      "session": {
        "created_timestamp": 1557385846,
        "ip_address": "106.68.102.135"
      }
    },
    {
      "name": "IP Address: 49.196.157.112",
      "session": {
        "created_timestamp": 1556629320,
        "ip_address": "49.196.157.112"
      }
    },
    {
      "name": "IP Address: 203.59.8.156",
      "session": {
        "created_timestamp": 1535702729,
        "updated_timestamp": 1556266834,
        "ip_address": "203.59.8.156"
      }
    },
    {
      "name": "Estimated location inferred from IP -33.6, 115.088",
      "session": {
        "created_timestamp": 1556266834,
        "ip_address": "203.59.8.156"
      }
    },
    {
      "name": "Estimated location inferred from IP -32.016, 115.968",
      "session": {
        "created_timestamp": 1403672579,
        "updated_timestamp": 1555227511
      }
    },
    {
      "name": "IP Address: 134.7.94.157",
      "session": {
        "created_timestamp": 1555227511,
        "ip_address": "134.7.94.157"
      }
    },
    {
      "name": "Cookie: 4OKy********************",
      "session": {
        "created_timestamp": 1555227511,
        "ip_address": "134.7.94.157"
      }
    },
    {
      "name": "IP Address: 134.7.66.94",
      "session": {
        "created_timestamp": 1553495520,
        "ip_address": "134.7.66.94"
      }
    },
    {
      "name": "IP Address: 49.183.145.130",
      "session": {
        "created_timestamp": 1552969002,
        "ip_address": "49.183.145.130"
      }
    },
    {
      "name": "IP Address: 106.69.9.138",
      "session": {
        "created_timestamp": 1552956170,
        "ip_address": "106.69.9.138"
      }
    },
    {
      "name": "IP Address: 49.196.178.212",
      "session": {
        "created_timestamp": 1552562917,
        "ip_address": "49.196.178.212"
      }
    },
    {
      "name": "IP Address: 49.196.0.118",
      "session": {
        "created_timestamp": 1552476431,
        "ip_address": "49.196.0.118"
      }
    },
    {
      "name": "IP Address: 134.7.65.241",
      "session": {
        "created_timestamp": 1552279582,
        "ip_address": "134.7.65.241"
      }
    },
    {
      "name": "IP Address: 49.196.8.47",
      "session": {
        "created_timestamp": 1551954768,
        "ip_address": "49.196.8.47"
      }
    },
    {
      "name": "IP Address: 106.68.125.90",
      "session": {
        "created_timestamp": 1551262385,
        "ip_address": "106.68.125.90"
      }
    },
    {
      "name": "IP Address: 134.7.234.202",
      "session": {
        "created_timestamp": 1551064190,
        "ip_address": "134.7.234.202"
      }
    },
    {
      "name": "IP Address: 49.196.12.242",
      "session": {
        "created_timestamp": 1550807062,
        "ip_address": "49.196.12.242"
      }
    },
    {
      "name": "IP Address: 49.196.175.182",
      "session": {
        "created_timestamp": 1550195495,
        "ip_address": "49.196.175.182"
      }
    },
    {
      "name": "IP Address: 49.196.177.236",
      "session": {
        "created_timestamp": 1549522464,
        "ip_address": "49.196.177.236"
      }
    },
    {
      "name": "IP Address: 106.69.5.99",
      "session": {
        "created_timestamp": 1549322879,
        "ip_address": "106.69.5.99"
      }
    },
    {
      "name": "IP Address: 106.69.3.175",
      "session": {
        "created_timestamp": 1549246266,
        "ip_address": "106.69.3.175"
      }
    },
    {
      "name": "IP Address: 106.68.100.26",
      "session": {
        "created_timestamp": 1549165001,
        "ip_address": "106.68.100.26"
      }
    },
    {
      "name": "Cookie: V6QC********************",
      "session": {
        "created_timestamp": 1547518907,
        "updated_timestamp": 1549080704,
        "ip_address": "106.68.98.87"
      }
    },
    {
      "name": "IP Address: 106.68.127.113",
      "session": {
        "created_timestamp": 1549080704,
        "ip_address": "106.68.127.113"
      }
    },
    {
      "name": "IP Address: 106.68.119.145",
      "session": {
        "created_timestamp": 1549065992,
        "ip_address": "106.68.119.145"
      }
    },
    {
      "name": "IP Address: 106.69.14.110",
      "session": {
        "created_timestamp": 1548981075,
        "ip_address": "106.69.14.110"
      }
    },
    {
      "name": "IP Address: 49.196.148.78",
      "session": {
        "created_timestamp": 1548585689,
        "ip_address": "49.196.148.78"
      }
    },
    {
      "name": "IP Address: 49.196.176.203",
      "session": {
        "created_timestamp": 1548383110,
        "ip_address": "49.196.176.203"
      }
    },
    {
      "name": "IP Address: 220.235.45.3",
      "session": {
        "created_timestamp": 1548166445,
        "ip_address": "220.235.45.3"
      }
    },
    {
      "name": "IP Address: 49.196.171.17",
      "session": {
        "created_timestamp": 1548070419,
        "ip_address": "49.196.171.17"
      }
    },
    {
      "name": "IP Address: 49.196.11.250",
      "session": {
        "created_timestamp": 1547689674,
        "ip_address": "49.196.11.250"
      }
    },
    {
      "name": "IP Address: 106.68.98.87",
      "session": {
        "created_timestamp": 1542223533,
        "updated_timestamp": 1547518907,
        "ip_address": "106.68.98.87"
      }
    },
    {
      "name": "IP Address: 240d:1a:229:e800:996:c89e:fcd9:486b",
      "session": {
        "created_timestamp": 1547011515,
        "ip_address": "240d:1a:229:e800:996:c89e:fcd9:486b"
      }
    },
    {
      "name": "IP Address: 118.240.237.237",
      "session": {
        "created_timestamp": 1546829035,
        "ip_address": "118.240.237.237"
      }
    },
    {
      "name": "Estimated location inferred from IP 35.704, 139.96",
      "session": {
        "created_timestamp": 1546173466,
        "updated_timestamp": 1546829035,
        "ip_address": "126.204.193.14"
      }
    },
    {
      "name": "IP Address: 126.204.194.250",
      "session": {
        "created_timestamp": 1546821310,
        "ip_address": "126.204.194.250"
      }
    },
    {
      "name": "Estimated location inferred from IP 35.704, 139.696",
      "session": {
        "created_timestamp": 1545898173,
        "updated_timestamp": 1546821310,
        "ip_address": "126.229.92.113"
      }
    },
    {
      "name": "IP Address: 126.204.164.113",
      "session": {
        "created_timestamp": 1546777879,
        "ip_address": "126.204.164.113"
      }
    },
    {
      "name": "Estimated location inferred from IP 35.656, 139.52",
      "session": {
        "created_timestamp": 1546777879,
        "ip_address": "126.204.164.113"
      }
    },
    {
      "name": "IP Address: 126.229.84.68",
      "session": {
        "created_timestamp": 1546601423,
        "ip_address": "126.229.84.68"
      }
    },
    {
      "name": "Estimated location inferred from IP 34.384, 132.4",
      "session": {
        "created_timestamp": 1546475283,
        "ip_address": "126.229.89.80"
      }
    },
    {
      "name": "IP Address: 126.229.89.80",
      "session": {
        "created_timestamp": 1546475283,
        "ip_address": "126.229.89.80"
      }
    },
    {
      "name": "Cookie: VpMD********************",
      "session": {
        "created_timestamp": 1546436118,
        "ip_address": "126.204.193.223"
      }
    },
    {
      "name": "Estimated location inferred from IP 36.712, 137.064",
      "session": {
        "created_timestamp": 1546436118,
        "ip_address": "126.204.193.223"
      }
    },
    {
      "name": "Estimated location inferred from IP 35.792, 140.312",
      "session": {
        "created_timestamp": 1546265248,
        "ip_address": "126.204.195.237"
      }
    },
    {
      "name": "IP Address: 126.204.195.237",
      "session": {
        "created_timestamp": 1546265248,
        "ip_address": "126.204.195.237"
      }
    },
    {
      "name": "IP Address: 126.204.193.14",
      "session": {
        "created_timestamp": 1546173466,
        "ip_address": "126.204.193.14"
      }
    },
    {
      "name": "IP Address: 126.229.85.38",
      "session": {
        "created_timestamp": 1545912778,
        "ip_address": "126.229.85.38"
      }
    },
    {
      "name": "IP Address: 126.229.92.113",
      "session": {
        "created_timestamp": 1545898173,
        "ip_address": "126.229.92.113"
      }
    },
    {
      "name": "IP Address: 126.204.197.158",
      "session": {
        "created_timestamp": 1545828688,
        "ip_address": "126.204.197.158"
      }
    },
    {
      "name": "Estimated location inferred from IP 35.616, 140.136",
      "session": {
        "created_timestamp": 1545828688,
        "ip_address": "126.204.197.158"
      }
    },
    {
      "name": "IP Address: 126.204.199.134",
      "session": {
        "created_timestamp": 1545728191,
        "ip_address": "126.204.199.134"
      }
    },
    {
      "name": "Estimated location inferred from IP 0.015999999999991, 0.039999999999992",
      "session": {
        "created_timestamp": 1530885413,
        "updated_timestamp": 1545728191,
        "ip_address": "2001:8003:8c06:3a00:25ba:9069:7b15:3c2b"
      }
    },
    {
      "name": "IP Address: 126.229.88.40",
      "session": {
        "created_timestamp": 1545699412,
        "ip_address": "126.229.88.40"
      }
    },
    {
      "name": "Estimated location inferred from IP 36.408, 140.488",
      "session": {
        "created_timestamp": 1545699412,
        "ip_address": "126.229.88.40"
      }
    },
    {
      "name": "Cookie: WM1K********************",
      "session": {
        "created_timestamp": 1531628888,
        "updated_timestamp": 1545568292,
        "ip_address": "220.253.142.201"
      }
    },
    {
      "name": "Estimated location inferred from IP -33.728, 115.352",
      "session": {
        "created_timestamp": 1520524148,
        "updated_timestamp": 1545197774
      }
    },
    {
      "name": "Cookie: 7KoE********************",
      "session": {
        "created_timestamp": 1543809788,
        "ip_address": "167.30.56.182"
      }
    },
    {
      "name": "Estimated location inferred from IP -31.928, 116.056",
      "session": {
        "created_timestamp": 1462296220,
        "updated_timestamp": 1543714230
      }
    },
    {
      "name": "Cookie: JVr_********************",
      "session": {
        "created_timestamp": 1543461426,
        "ip_address": "167.30.56.182"
      }
    },
    {
      "name": "Cookie: ERt9********************",
      "session": {
        "created_timestamp": 1535162465,
        "updated_timestamp": 1542084516,
        "ip_address": "106.68.242.64"
      }
    },
    {
      "name": "Cookie: -jrZ********************",
      "session": {
        "created_timestamp": 1540963112,
        "ip_address": "167.30.56.182"
      }
    },
    {
      "name": "Cookie: hQ_Q********************",
      "session": {
        "created_timestamp": 1540362584,
        "ip_address": "167.30.56.182"
      }
    },
    {
      "name": "Cookie: jaO9********************",
      "session": {
        "created_timestamp": 1539154891,
        "ip_address": "167.30.56.182"
      }
    },
    {
      "name": "Cookie: EGdU********************",
      "session": {
        "created_timestamp": 1534661969,
        "updated_timestamp": 1535535559,
        "ip_address": "106.69.246.167"
      }
    }
  ]
}