{
  "account_accesses": [
    {
      "action": "Login",
      "timestamp": 1571027120,
      "site": "www.facebook.com",
      "ip_address": "202.161.125.232"
    },
    {
      "action": "Login",
      "timestamp": 1566034471,
      "site": "www.facebook.com",
      "ip_address": "106.69.11.110"
    },
    {
      "action": "Log Out",
      "timestamp": 1566034307,
      "site": "www.facebook.com",
      "ip_address": "106.69.11.110"
    },
    {
      "action": "Login",
      "timestamp": 1560767518,
      "site": "www.facebook.com",
      "ip_address": "106.69.14.140"
    },
    {
      "action": "Log Out",
      "timestamp": 1560767479,
      "site": "www.facebook.com",
      "ip_address": "106.69.14.140"
    },
    {
      "action": "Log Out",
      "timestamp": 1560766004,
      "site": "www.facebook.com",
      "ip_address": "106.69.14.140"
    },
    {
      "action": "Log Out",
      "timestamp": 1560765584,
      "site": "www.facebook.com",
      "ip_address": "106.69.14.140"
    },
    {
      "action": "Log Out",
      "timestamp": 1560685204,
      "site": "www.facebook.com",
      "ip_address": "106.69.14.140"
    },
    {
      "action": "Log Out",
      "timestamp": 1559622350,
      "site": "www.facebook.com",
      "ip_address": "106.69.14.140"
    },
    {
      "action": "Login",
      "timestamp": 1558252389,
      "site": "www.facebook.com",
      "ip_address": "106.68.102.135"
    },
    {
      "action": "Log Out",
      "timestamp": 1557719760,
      "site": "www.facebook.com",
      "ip_address": "134.7.91.122"
    },
    {
      "action": "Login",
      "timestamp": 1557719325,
      "site": "www.facebook.com",
      "ip_address": "134.7.91.122"
    },
    {
      "action": "Login",
      "timestamp": 1557488236,
      "site": "www.facebook.com",
      "ip_address": "106.68.102.135"
    },
    {
      "action": "Log Out",
      "timestamp": 1557479871,
      "site": "www.facebook.com",
      "ip_address": "203.59.8.156"
    },
    {
      "action": "Login",
      "timestamp": 1557479869,
      "site": "www.facebook.com",
      "ip_address": "203.59.8.156"
    },
    {
      "action": "Log Out",
      "timestamp": 1557479814,
      "site": "www.facebook.com",
      "ip_address": "203.59.8.156"
    },
    {
      "action": "Login",
      "timestamp": 1555227512,
      "site": "www.facebook.com",
      "ip_address": "134.7.94.157"
    },
    {
      "action": "Login",
      "timestamp": 1555227499,
      "site": "www.facebook.com",
      "ip_address": "49.196.4.113"
    },
    {
      "action": "Log Out",
      "timestamp": 1555227497,
      "site": "www.facebook.com",
      "ip_address": "49.196.4.113"
    },
    {
      "action": "Login",
      "timestamp": 1554862701,
      "site": "www.facebook.com",
      "ip_address": "106.69.9.138"
    },
    {
      "action": "Log Out",
      "timestamp": 1554378041,
      "site": "www.facebook.com",
      "ip_address": "106.69.9.138"
    },
    {
      "action": "Log Out",
      "timestamp": 1552282305,
      "site": "www.facebook.com",
      "ip_address": "134.7.90.157"
    },
    {
      "action": "Login",
      "timestamp": 1546818175,
      "site": "www.facebook.com",
      "ip_address": "126.204.194.250"
    },
    {
      "action": "Login",
      "timestamp": 1546817893,
      "site": "www.facebook.com",
      "ip_address": "126.204.194.250"
    },
    {
      "action": "Log Out",
      "timestamp": 1543810115,
      "site": "www.facebook.com",
      "ip_address": "167.30.56.182"
    },
    {
      "action": "Login",
      "timestamp": 1543809788,
      "site": "www.facebook.com",
      "ip_address": "167.30.56.182"
    },
    {
      "action": "Login",
      "timestamp": 1543738207,
      "site": "www.facebook.com",
      "ip_address": "124.188.195.7"
    },
    {
      "action": "Login",
      "timestamp": 1541853242,
      "site": "www.facebook.com",
      "ip_address": "2001:8003:8c1f:d000:f4ed:d5ce:314a:cf17"
    }
  ]
}