{
  "active_sessions": [
    {
      "created_timestamp": 1540365199,
      "updated_timestamp": 1573612916,
      "ip_address": "193.119.39.202",
      "user_agent": "Mozilla/5.0 (iPhone; CPU iPhone OS 12_0_1 like Mac OS X) AppleWebKit/605.1.15 (KHTML, like Gecko) Mobile/16A404 [FBAN/MessengerForiOS;FBAV/240.0.0.47.118;FBBV/181501499;FBDV/iPhone9,3;FBMD/iPhone;FBSN/iOS;FBSV/12.0.1;FBSS/2;FBID/phone;FBLC/en_GB;FBOP/5]",
      "datr_cookie": "dG3L********************",
      "device": "iPhone 7",
      "location": "Perth, WA, Australia",
      "app": "Messenger"
    },
    {
      "created_timestamp": 1571027120,
      "updated_timestamp": 1573611828,
      "ip_address": "193.119.39.202",
      "user_agent": "Mozilla/5.0 (Macintosh; Intel Mac OS X 10_13_4) AppleWebKit/537.36 (KHTML, like Gecko) Chrome/76.0.3809.132 Safari/537.36",
      "datr_cookie": "_J-I********************",
      "device": "Mac",
      "location": "Perth, WA, Australia",
      "app": "Chrome"
    },
    {
      "created_timestamp": 1555227498,
      "updated_timestamp": 1573605366,
      "ip_address": "193.119.39.202",
      "user_agent": "Mozilla/5.0 (iPhone; CPU iPhone OS 12_0_1 like Mac OS X) AppleWebKit/605.1.15 (KHTML, like Gecko) Mobile/16A404 [FBAN/FBIOS;FBAV/246.0.0.46.118;FBBV/181551529;FBDV/iPhone9,3;FBMD/iPhone;FBSN/iOS;FBSV/12.0.1;FBSS/2;FBID/phone;FBLC/en_GB;FBOP/5;FBRV/0;FBCR/]",
      "datr_cookie": "9k_L********************",
      "device": "iPhone 7",
      "location": "Perth, WA, Australia",
      "app": "Facebook app"
    },
    {
      "created_timestamp": 1557488236,
      "updated_timestamp": 1573525294,
      "ip_address": "193.119.39.202",
      "user_agent": "Mozilla/5.0 (iPad; CPU OS 11_3 like Mac OS X) AppleWebKit/605.1.15 (KHTML, like Gecko) Mobile/15E216 [FBAN/MessengerForiOS;FBAV/240.0.0.47.118;FBBV/181501499;FBDV/iPad7,1;FBMD/iPad;FBSN/iOS;FBSV/11.3;FBSS/2;FBID/tablet;FBLC/en_GB;FBOP/5]",
      "datr_cookie": "LhfK********************",
      "device": "iPad Pro 2nd Gen",
      "location": "Perth, WA, Australia",
      "app": "Messenger"
    },
    {
      "created_timestamp": 1570013478,
      "ip_address": "60.242.70.184",
      "user_agent": "Mozilla/5.0 (Macintosh; Intel Mac OS X 10_13_4) AppleWebKit/537.36 (KHTML, like Gecko) Chrome/76.0.3809.132 Safari/537.36",
      "datr_cookie": "qoCU********************",
      "device": "Mac",
      "location": "Perth, WA, Australia",
      "app": "Chrome"
    },
    {
      "created_timestamp": 1566034471,
      "updated_timestamp": 1569233330,
      "ip_address": "14.201.104.220",
      "user_agent": "Mozilla/5.0 (Macintosh; Intel Mac OS X 10_13_4) AppleWebKit/537.36 (KHTML, like Gecko) Chrome/75.0.3770.142 Safari/537.36",
      "datr_cookie": "Ecz3********************",
      "device": "Mac",
      "location": "Perth, WA, Australia",
      "app": "Chrome"
    },
    {
      "created_timestamp": 1557479869,
      "updated_timestamp": 1557488159,
      "ip_address": "106.68.102.135",
      "user_agent": "Mozilla/5.0 (iPad; CPU OS 11_3 like Mac OS X) AppleWebKit/605.1.15 (KHTML, like Gecko) Mobile/15E216 [FBAN/MessengerForiOS;FBAV/213.0.0.45.34;FBBV/152337659;FBDV/iPad7,1;FBMD/iPad;FBSN/iOS;FBSV/11.3;FBSS/2;FBCR/;FBID/tablet;FBLC/en_GB;FBOP/5]",
      "datr_cookie": "H2LV********************",
      "device": "iPad Pro 2nd Gen",
      "location": "Talgomine, WA, Australia",
      "app": "Messenger"
    },
    {
      "created_timestamp": 1540439460,
      "updated_timestamp": 1554883008,
      "ip_address": "106.69.9.138",
      "user_agent": "Mozilla/5.0 (iPhone; CPU iPhone OS 12_0_1 like Mac OS X) AppleWebKit/605.1.15 (KHTML, like Gecko) Mobile/16A404 [FBAN/FBIOS;FBAV/215.0.0.44.99;FBBV/148631088;FBDV/iPhone9,3;FBMD/iPhone;FBSN/iOS;FBSV/12.0.1;FBSS/2;FBCR/Virgin Mobile;FBID/phone;FBLC/en_GB;FBOP/5;FBRV/0]",
      "datr_cookie": "wKGt********************",
      "device": "iPhone 7",
      "location": "Warnbro, WA, Australia",
      "app": "Facebook app"
    }
  ]
}