{
  "address_book": {
    "address_book": [
      {
        "name": "+61412821677",
        "details": [
          {
            "contact_point": "+61412821677"
          }
        ],
        "created_timestamp": 1433755730,
        "updated_timestamp": 1492801687
      },
      {
        "name": "peter kitely",
        "details": [
          {
            "contact_point": "peter_soup@hotmail.com"
          }
        ],
        "created_timestamp": 1433755730,
        "updated_timestamp": 1488540853
      },
      {
        "name": "Raa McDrisev",
        "details": [
          {
            "contact_point": "aevans@helena.wa.edu.au"
          }
        ],
        "created_timestamp": 1433755730,
        "updated_timestamp": 1488540853
      },
      {
        "name": "susan nicholson",
        "details": [
          {
            "contact_point": "snicholson@helena.wa.edu.au"
          }
        ],
        "created_timestamp": 1433755730,
        "updated_timestamp": 1492801687
      },
      {
        "name": "matt zarb",
        "details": [
          {
            "contact_point": "mzarb@helena.wa.edu.au"
          }
        ],
        "created_timestamp": 1433755730,
        "updated_timestamp": 1492801687
      },
      {
        "name": "Raa McDrisev",
        "details": [
          
        ],
        "created_timestamp": 1419519027,
        "updated_timestamp": 1491412369
      },
      {
        "name": "matt zarb",
        "details": [
          
        ],
        "created_timestamp": 1419519027,
        "updated_timestamp": 1491412369
      },
      {
        "name": "peter kitely",
        "details": [
          
        ],
        "created_timestamp": 1419519027,
        "updated_timestamp": 1491412369
      },
      {
        "name": "susan nicholson",
        "details": [
          
        ],
        "created_timestamp": 1419519027,
        "updated_timestamp": 1488540853
      },
      {
        "name": "Luka",
        "details": [
          {
            "contact_point": "+61412734611"
          }
        ],
        "created_timestamp": 1571026270,
        "updated_timestamp": 1571026270
      },
      {
        "name": "Britt",
        "details": [
          {
            "contact_point": "+61425737096"
          }
        ],
        "created_timestamp": 1571026270,
        "updated_timestamp": 1571026270
      },
      {
        "name": "Andrew",
        "details": [
          {
            "contact_point": "+61434039702"
          }
        ],
        "created_timestamp": 1569887431,
        "updated_timestamp": 1569887431
      },
      {
        "name": "Gabe 2ic",
        "details": [
          {
            "contact_point": "+61416680912"
          }
        ],
        "created_timestamp": 1563179148,
        "updated_timestamp": 1563179649
      },
      {
        "name": "Jessica Gray",
        "details": [
          
        ],
        "created_timestamp": 1562062766,
        "updated_timestamp": 1562062766
      },
      {
        "name": "Stephanie De Biasi",
        "details": [
          
        ],
        "created_timestamp": 1556950929,
        "updated_timestamp": 1556950929
      },
      {
        "name": "Bianca  Hype ",
        "details": [
          {
            "contact_point": "+61457795262"
          }
        ],
        "created_timestamp": 1551178299,
        "updated_timestamp": 1551178299
      },
      {
        "name": "Greg Another",
        "details": [
          {
            "contact_point": "+61417986783"
          }
        ],
        "created_timestamp": 1550463116,
        "updated_timestamp": 1550463116
      },
      {
        "name": "Gitte Jensen",
        "details": [
          
        ],
        "created_timestamp": 1550116908,
        "updated_timestamp": 1550116908
      },
      {
        "name": "Danielle Mould",
        "details": [
          
        ],
        "created_timestamp": 1547629020,
        "updated_timestamp": 1547629020
      },
      {
        "name": "Jeremy Blank",
        "details": [
          
        ],
        "created_timestamp": 1544356652,
        "updated_timestamp": 1544356652
      },
      {
        "name": "Emma Ryans Mum ",
        "details": [
          {
            "contact_point": "+61439955581"
          }
        ],
        "created_timestamp": 1544009187,
        "updated_timestamp": 1544009187
      },
      {
        "name": "Jacob Moir",
        "details": [
          
        ],
        "created_timestamp": 1543739289,
        "updated_timestamp": 1543739289
      },
      {
        "name": "Tracy Lapwood ",
        "details": [
          {
            "contact_point": "+61447170768"
          }
        ],
        "created_timestamp": 1543734466,
        "updated_timestamp": 1543734466
      },
      {
        "name": "Mick",
        "details": [
          {
            "contact_point": "+61421349315"
          }
        ],
        "created_timestamp": 1543651621,
        "updated_timestamp": 1543651625
      },
      {
        "name": "Tisc",
        "details": [
          {
            "contact_point": "+61893188000"
          }
        ],
        "created_timestamp": 1542897959,
        "updated_timestamp": 1542897959
      },
      {
        "name": "Darren Carter",
        "details": [
          
        ],
        "created_timestamp": 1542376206,
        "updated_timestamp": 1542376206
      },
      {
        "name": "Troy Mutton",
        "details": [
          
        ],
        "created_timestamp": 1540536562,
        "updated_timestamp": 1540536562
      },
      {
        "name": "Robbie Partington",
        "details": [
          {
            "contact_point": "+18197001606"
          }
        ],
        "created_timestamp": 1540379529,
        "updated_timestamp": 1540379529
      },
      {
        "name": "Dave David Davenport",
        "details": [
          
        ],
        "created_timestamp": 1534072676,
        "updated_timestamp": 1534072676
      },
      {
        "name": "Lewis Oldmate",
        "details": [
          {
            "contact_point": "+61416856865"
          }
        ],
        "created_timestamp": 1532675184,
        "updated_timestamp": 1532675184
      },
      {
        "name": "Alison",
        "details": [
          {
            "contact_point": "+61400119098"
          }
        ],
        "created_timestamp": 1531463743,
        "updated_timestamp": 1531463743
      },
      {
        "name": "Gabriel Chessa",
        "details": [
          
        ],
        "created_timestamp": 1529932252,
        "updated_timestamp": 1529932252
      },
      {
        "name": "Susan  Flavell",
        "details": [
          {
            "contact_point": "+61402104695"
          }
        ],
        "created_timestamp": 1529660456,
        "updated_timestamp": 1529660456
      },
      {
        "name": "Jason Russell",
        "details": [
          
        ],
        "created_timestamp": 1526709510,
        "updated_timestamp": 1526709510
      },
      {
        "name": "Luke Skycrawler",
        "details": [
          
        ],
        "created_timestamp": 1525755600,
        "updated_timestamp": 1525755600
      },
      {
        "name": "Alex (Ratty) Miles",
        "details": [
          {
            "contact_point": "+61438163303"
          }
        ],
        "created_timestamp": 1524919765,
        "updated_timestamp": 1524922008
      },
      {
        "name": "John  Plaxtonn Jnr",
        "details": [
          {
            "contact_point": "+61468644090"
          }
        ],
        "created_timestamp": 1524284834,
        "updated_timestamp": 1524284834
      },
      {
        "name": "Stacey August",
        "details": [
          
        ],
        "created_timestamp": 1523770277,
        "updated_timestamp": 1523770277
      },
      {
        "name": "John  Parella",
        "details": [
          {
            "contact_point": "+61407776060"
          }
        ],
        "created_timestamp": 1523264274,
        "updated_timestamp": 1523264274
      },
      {
        "name": "Mitch Hughes",
        "details": [
          
        ],
        "created_timestamp": 1522525573,
        "updated_timestamp": 1522525573
      },
      {
        "name": "Councilor Andrew  Midland Council ",
        "details": [
          {
            "contact_point": "+61466722138"
          }
        ],
        "created_timestamp": 1522145216,
        "updated_timestamp": 1522738238
      },
      {
        "name": "Jennine Williams",
        "details": [
          
        ],
        "created_timestamp": 1521111466,
        "updated_timestamp": 1521111466
      },
      {
        "name": "Sarah Thornton-Smith",
        "details": [
          
        ],
        "created_timestamp": 1520560765,
        "updated_timestamp": 1520560765
      },
      {
        "name": "Dalma",
        "details": [
          {
            "contact_point": "+61414788488"
          }
        ],
        "created_timestamp": 1519117780,
        "updated_timestamp": 1522738239
      },
      {
        "name": "Jurek",
        "details": [
          {
            "contact_point": "+61427176822"
          }
        ],
        "created_timestamp": 1518761223,
        "updated_timestamp": 1522738238
      },
      {
        "name": "Tim Skatpark Subclub ",
        "details": [
          {
            "contact_point": "+61438928335"
          }
        ],
        "created_timestamp": 1517838166,
        "updated_timestamp": 1522738239
      },
      {
        "name": "Welensky",
        "details": [
          {
            "contact_point": "+61401390153"
          }
        ],
        "created_timestamp": 1512706387,
        "updated_timestamp": 1522738239
      },
      {
        "name": "Trish Cook ",
        "details": [
          {
            "contact_point": "+61409479551"
          }
        ],
        "created_timestamp": 1512037530,
        "updated_timestamp": 1522738238
      },
      {
        "name": "Amelia Manon",
        "details": [
          
        ],
        "created_timestamp": 1510989003,
        "updated_timestamp": 1510989003
      },
      {
        "name": "Jessica \u00e2\u009d\u00a4\u00ef\u00b8\u008f\u00f0\u009f\u0092\u0095\u00e2\u009d\u00a4\u00ef\u00b8\u008f\u00f0\u009f\u0092\u0095\u00e2\u009d\u00a4\u00ef\u00b8\u008f\u00f0\u009f\u0092\u0095\u00f0\u009f\u0098\u008d",
        "details": [
          {
            "contact_point": "+61421752731"
          }
        ],
        "created_timestamp": 1510895374,
        "updated_timestamp": 1540379529
      },
      {
        "name": "Max Dard",
        "details": [
          
        ],
        "created_timestamp": 1510537876,
        "updated_timestamp": 1510537876
      },
      {
        "name": "Jack Marvelli",
        "details": [
          {
            "contact_point": "+61435838604"
          }
        ],
        "created_timestamp": 1509102393,
        "updated_timestamp": 1561638783
      },
      {
        "name": "Dad Kitely",
        "details": [
          {
            "contact_point": "+61415397004"
          }
        ],
        "created_timestamp": 1509102393,
        "updated_timestamp": 1540379530
      },
      {
        "name": "Dad",
        "details": [
          {
            "contact_point": "+61415397004"
          }
        ],
        "created_timestamp": 1509102393,
        "updated_timestamp": 1509523237
      },
      {
        "name": "Gail Russel",
        "details": [
          {
            "contact_point": "+61419178176"
          }
        ],
        "created_timestamp": 1509102393,
        "updated_timestamp": 1522738238
      },
      {
        "name": "Shacia Parata",
        "details": [
          {
            "contact_point": "+61422250517"
          }
        ],
        "created_timestamp": 1509102393,
        "updated_timestamp": 1543662035
      },
      {
        "name": "Joel Phillipson",
        "details": [
          {
            "contact_point": "+61448450803"
          }
        ],
        "created_timestamp": 1509102393,
        "updated_timestamp": 1540379530
      },
      {
        "name": "Robbie Partington",
        "details": [
          {
            "contact_point": "+18197001606"
          }
        ],
        "created_timestamp": 1509102393,
        "updated_timestamp": 1534932567
      },
      {
        "name": "Bella Moran",
        "details": [
          
        ],
        "created_timestamp": 1508908967,
        "updated_timestamp": 1508908967
      },
      {
        "name": "Diane Parker",
        "details": [
          
        ],
        "created_timestamp": 1502172055,
        "updated_timestamp": 1502172055
      },
      {
        "name": "Lukel Cridland",
        "details": [
          {
            "contact_point": "+61431554384"
          }
        ],
        "created_timestamp": 1500462844,
        "updated_timestamp": 1500462844
      },
      {
        "name": "Amber",
        "details": [
          {
            "contact_point": "+61409880577"
          }
        ],
        "created_timestamp": 1500008281,
        "updated_timestamp": 1500264755
      },
      {
        "name": "Chones ",
        "details": [
          {
            "contact_point": "+61449554856"
          }
        ],
        "created_timestamp": 1499398299,
        "updated_timestamp": 1499844514
      },
      {
        "name": "Clare Hunt",
        "details": [
          {
            "contact_point": "+61474335199"
          }
        ],
        "created_timestamp": 1499147524,
        "updated_timestamp": 1540379529
      },
      {
        "name": "Alysha ",
        "details": [
          {
            "contact_point": "+61411452750"
          }
        ],
        "created_timestamp": 1498881499,
        "updated_timestamp": 1500264754
      },
      {
        "name": "Bal Driving Instructor ",
        "details": [
          {
            "contact_point": "+61433313043"
          }
        ],
        "created_timestamp": 1498190214,
        "updated_timestamp": 1500264755
      },
      {
        "name": "Thomas Edmundson",
        "details": [
          
        ],
        "created_timestamp": 1496305145,
        "updated_timestamp": 1496305145
      },
      {
        "name": "Robbie Partington",
        "details": [
          {
            "contact_point": "+18197001606"
          }
        ],
        "created_timestamp": 1495949352,
        "updated_timestamp": 1500264755
      },
      {
        "name": "Leuis Franich",
        "details": [
          {
            "contact_point": "+61419555363"
          }
        ],
        "created_timestamp": 1494810447,
        "updated_timestamp": 1540379529
      },
      {
        "name": "Paige Plowman",
        "details": [
          {
            "contact_point": "+16049080978"
          }
        ],
        "created_timestamp": 1494554331,
        "updated_timestamp": 1494729610
      },
      {
        "name": "Irish People ",
        "details": [
          {
            "contact_point": "+61421935347"
          }
        ],
        "created_timestamp": 1494240410,
        "updated_timestamp": 1500264755
      },
      {
        "name": "James Walker",
        "details": [
          {
            "contact_point": "+61438958284"
          }
        ],
        "created_timestamp": 1493729066,
        "updated_timestamp": 1540379529
      },
      {
        "name": "Emma Lee",
        "details": [
          {
            "contact_point": "+61478172041"
          }
        ],
        "created_timestamp": 1493544866,
        "updated_timestamp": 1500264755
      },
      {
        "name": "Ma Lyons ",
        "details": [
          {
            "contact_point": "+61427226835"
          }
        ],
        "created_timestamp": 1492868495,
        "updated_timestamp": 1500264755
      },
      {
        "name": "Ash 4 Willam St ",
        "details": [
          {
            "contact_point": "+61434158501"
          }
        ],
        "created_timestamp": 1492318198,
        "updated_timestamp": 1500264755
      },
      {
        "name": "Roy",
        "details": [
          {
            "contact_point": "+61450016046"
          }
        ],
        "created_timestamp": 1492318198,
        "updated_timestamp": 1500264755
      },
      {
        "name": "Bal Driving Instructor ",
        "details": [
          {
            "contact_point": "+61433313043"
          }
        ],
        "created_timestamp": 1492318198,
        "updated_timestamp": 1497752283
      },
      {
        "name": "Chill Jamrokmate  Salhim??",
        "details": [
          {
            "contact_point": "+61401465795"
          }
        ],
        "created_timestamp": 1492318198,
        "updated_timestamp": 1500264755
      },
      {
        "name": "Leeds Skater ",
        "details": [
          {
            "contact_point": "+61472700534"
          }
        ],
        "created_timestamp": 1492318198,
        "updated_timestamp": 1500264755
      },
      {
        "name": "Tonis Mamma",
        "details": [
          {
            "contact_point": "+61409684203"
          }
        ],
        "created_timestamp": 1492318198,
        "updated_timestamp": 1500264755
      },
      {
        "name": "Phill Bachellor ",
        "details": [
          {
            "contact_point": "+61487222579"
          }
        ],
        "created_timestamp": 1492318198,
        "updated_timestamp": 1500264755
      },
      {
        "name": "Johnny Skater Leeds ",
        "details": [
          {
            "contact_point": "+61421545967"
          }
        ],
        "created_timestamp": 1492318198,
        "updated_timestamp": 1500264755
      },
      {
        "name": "Vicki Ames",
        "details": [
          {
            "contact_point": "+61433590559"
          }
        ],
        "created_timestamp": 1492318198,
        "updated_timestamp": 1500264755
      },
      {
        "name": "Kara Tem Skate Lessons ",
        "details": [
          {
            "contact_point": "+61408061081"
          }
        ],
        "created_timestamp": 1492318197,
        "updated_timestamp": 1524036820
      },
      {
        "name": "Jack  501awilliams",
        "details": [
          {
            "contact_point": "+61411883402"
          }
        ],
        "created_timestamp": 1492318198,
        "updated_timestamp": 1500264755
      },
      {
        "name": "Bianca 5 Lane St Neighbour",
        "details": [
          {
            "contact_point": "+61400638103"
          }
        ],
        "created_timestamp": 1492318198,
        "updated_timestamp": 1500264755
      },
      {
        "name": "John Karrol ",
        "details": [
          {
            "contact_point": "+61448089240"
          }
        ],
        "created_timestamp": 1492318197,
        "updated_timestamp": 1500264754
      },
      {
        "name": "Harry Retarddude",
        "details": [
          {
            "contact_point": "+61439524058"
          }
        ],
        "created_timestamp": 1492318198,
        "updated_timestamp": 1500264755
      },
      {
        "name": "Eliza Broad",
        "details": [
          {
            "contact_point": "+61429009102"
          }
        ],
        "created_timestamp": 1492318197,
        "updated_timestamp": 1561809474
      },
      {
        "name": "Judiths Friend",
        "details": [
          {
            "contact_point": "+61404551712"
          }
        ],
        "created_timestamp": 1492318198,
        "updated_timestamp": 1500264755
      },
      {
        "name": "Jake  Fowler ",
        "details": [
          {
            "contact_point": "+61434465265"
          }
        ],
        "created_timestamp": 1492318197,
        "updated_timestamp": 1500264754
      },
      {
        "name": "Sam Zachsmate",
        "details": [
          {
            "contact_point": "+61452499433"
          }
        ],
        "created_timestamp": 1492318198,
        "updated_timestamp": 1500264755
      },
      {
        "name": "Judith ",
        "details": [
          {
            "contact_point": "+61404387996"
          }
        ],
        "created_timestamp": 1492318198,
        "updated_timestamp": 1500264755
      },
      {
        "name": "Mitch  Miller ",
        "details": [
          {
            "contact_point": "+61400065160"
          }
        ],
        "created_timestamp": 1492318197,
        "updated_timestamp": 1522738239
      },
      {
        "name": "Ebony Morleycrimeast Queen ",
        "details": [
          {
            "contact_point": "+61498721411"
          }
        ],
        "created_timestamp": 1492318198,
        "updated_timestamp": 1500264755
      },
      {
        "name": "Mia",
        "details": [
          {
            "contact_point": "+61450008974"
          }
        ],
        "created_timestamp": 1492318197,
        "updated_timestamp": 1522738238
      },
      {
        "name": "Jaike Kal Naomis Friend ",
        "details": [
          {
            "contact_point": "+61467684988"
          }
        ],
        "created_timestamp": 1492318198,
        "updated_timestamp": 1500264755
      },
      {
        "name": "Aarron  Wongo",
        "details": [
          {
            "contact_point": "+61449108859"
          }
        ],
        "created_timestamp": 1492318197,
        "updated_timestamp": 1522738239
      },
      {
        "name": "Dylan Staig",
        "details": [
          {
            "contact_point": "+61447228286"
          }
        ],
        "created_timestamp": 1492318197,
        "updated_timestamp": 1522738239
      },
      {
        "name": "Leo  Naoimi Mate ",
        "details": [
          {
            "contact_point": "+61410377655"
          }
        ],
        "created_timestamp": 1492318198,
        "updated_timestamp": 1500264755
      },
      {
        "name": "Goodlad Dj Sahil Mate ",
        "details": [
          {
            "contact_point": "+61449957650"
          }
        ],
        "created_timestamp": 1492318198,
        "updated_timestamp": 1500264755
      },
      {
        "name": "Connor 420",
        "details": [
          {
            "contact_point": "+61484739647"
          }
        ],
        "created_timestamp": 1492318197,
        "updated_timestamp": 1522738238
      },
      {
        "name": "Zach",
        "details": [
          {
            "contact_point": "+61406468732"
          }
        ],
        "created_timestamp": 1492318198,
        "updated_timestamp": 1500264755
      },
      {
        "name": "Ratty Cooper",
        "details": [
          {
            "contact_point": "+61431256734"
          }
        ],
        "created_timestamp": 1492318197,
        "updated_timestamp": 1522738239
      },
      {
        "name": "Alex Ziggys Mum ",
        "details": [
          {
            "contact_point": "+61403428605"
          }
        ],
        "created_timestamp": 1492318198,
        "updated_timestamp": 1500264755
      },
      {
        "name": "James  Lyons",
        "details": [
          {
            "contact_point": "+61420450158"
          }
        ],
        "created_timestamp": 1492318197,
        "updated_timestamp": 1522738239
      },
      {
        "name": "James Zacks Mate",
        "details": [
          {
            "contact_point": "+61432188936"
          }
        ],
        "created_timestamp": 1492318198,
        "updated_timestamp": 1500264755
      },
      {
        "name": "Cai Morris",
        "details": [
          {
            "contact_point": "+61426221154"
          }
        ],
        "created_timestamp": 1492318197,
        "updated_timestamp": 1522738239
      },
      {
        "name": "Nell No3 Williamst ",
        "details": [
          {
            "contact_point": "+61402256029"
          }
        ],
        "created_timestamp": 1492318198,
        "updated_timestamp": 1500264755
      },
      {
        "name": "Ben Newsome",
        "details": [
          {
            "contact_point": "+61407225590"
          }
        ],
        "created_timestamp": 1492318197,
        "updated_timestamp": 1522738239
      },
      {
        "name": "Levi 2/53 Mary St ",
        "details": [
          {
            "contact_point": "+61426950262"
          }
        ],
        "created_timestamp": 1492318198,
        "updated_timestamp": 1500264755
      },
      {
        "name": "Ash No 4williamst",
        "details": [
          {
            "contact_point": "+61403424531"
          }
        ],
        "created_timestamp": 1492318198,
        "updated_timestamp": 1500264755
      },
      {
        "name": "Chones ",
        "details": [
          {
            "contact_point": "+61449554856"
          }
        ],
        "created_timestamp": 1492318198,
        "updated_timestamp": 1492318198
      },
      {
        "name": "Yung Forse ",
        "details": [
          {
            "contact_point": "+61481216566"
          }
        ],
        "created_timestamp": 1492318198,
        "updated_timestamp": 1500264755
      },
      {
        "name": "Amber",
        "details": [
          {
            "contact_point": "+61409880577"
          }
        ],
        "created_timestamp": 1492318198,
        "updated_timestamp": 1492318198
      },
      {
        "name": "Trent ",
        "details": [
          {
            "contact_point": "+61498677926"
          }
        ],
        "created_timestamp": 1492318198,
        "updated_timestamp": 1500264755
      },
      {
        "name": "Harri",
        "details": [
          {
            "contact_point": "+61429329571"
          }
        ],
        "created_timestamp": 1492318197,
        "updated_timestamp": 1522738238
      },
      {
        "name": "Toni Lee",
        "details": [
          {
            "contact_point": "+61403273313"
          }
        ],
        "created_timestamp": 1492318198,
        "updated_timestamp": 1522738238
      },
      {
        "name": "Connor Lapwood",
        "details": [
          {
            "contact_point": "+61497562972"
          }
        ],
        "created_timestamp": 1492318198,
        "updated_timestamp": 1522738239
      },
      {
        "name": "Sammy Horn ",
        "details": [
          {
            "contact_point": "+61401937908"
          }
        ],
        "created_timestamp": 1492318197,
        "updated_timestamp": 1522738239
      },
      {
        "name": "Hannah  B ",
        "details": [
          {
            "contact_point": "+61439874235"
          }
        ],
        "created_timestamp": 1492318198,
        "updated_timestamp": 1500264755
      },
      {
        "name": "Nick Forse",
        "details": [
          {
            "contact_point": "+61431540186"
          }
        ],
        "created_timestamp": 1492318197,
        "updated_timestamp": 1522738239
      },
      {
        "name": "Shane Beyond skate",
        "details": [
          {
            "contact_point": "+61418952972"
          }
        ],
        "created_timestamp": 1492318198,
        "updated_timestamp": 1500264755
      },
      {
        "name": "Ryan Glenforretskateold",
        "details": [
          {
            "contact_point": "+61401547937"
          }
        ],
        "created_timestamp": 1492318197,
        "updated_timestamp": 1522738238
      },
      {
        "name": "Jules",
        "details": [
          {
            "contact_point": "+61450081110"
          }
        ],
        "created_timestamp": 1492318198,
        "updated_timestamp": 1524820285
      },
      {
        "name": "Susan Thesara",
        "details": [
          {
            "contact_point": "+61420234385"
          }
        ],
        "created_timestamp": 1492318198,
        "updated_timestamp": 1522738238
      },
      {
        "name": "Geoff  Paul ",
        "details": [
          {
            "contact_point": "+61408933387"
          }
        ],
        "created_timestamp": 1492318197,
        "updated_timestamp": 1522738239
      },
      {
        "name": "Welensky",
        "details": [
          {
            "contact_point": "+61401390153"
          }
        ],
        "created_timestamp": 1492318198,
        "updated_timestamp": 1500264755
      },
      {
        "name": "Meg Kitely",
        "details": [
          {
            "contact_point": "+61415111558"
          }
        ],
        "created_timestamp": 1492318197,
        "updated_timestamp": 1540379529
      },
      {
        "name": "Paige Plow",
        "details": [
          {
            "contact_point": "+61439212240"
          }
        ],
        "created_timestamp": 1492318198,
        "updated_timestamp": 1500264755
      },
      {
        "name": "Scott",
        "details": [
          {
            "contact_point": "+61466242564"
          }
        ],
        "created_timestamp": 1492318198,
        "updated_timestamp": 1500264755
      },
      {
        "name": "Maria Connor Skate Lessons",
        "details": [
          {
            "contact_point": "+61409296750"
          }
        ],
        "created_timestamp": 1492318197,
        "updated_timestamp": 1522738239
      },
      {
        "name": "Tyler Resuggan",
        "details": [
          {
            "contact_point": "+61450909697"
          }
        ],
        "created_timestamp": 1492318198,
        "updated_timestamp": 1500264755
      },
      {
        "name": "Jackson  Bingfeild",
        "details": [
          {
            "contact_point": "+61448276570"
          }
        ],
        "created_timestamp": 1492318197,
        "updated_timestamp": 1522738239
      },
      {
        "name": "Josh  Spa Boys ",
        "details": [
          {
            "contact_point": "+61478892382"
          }
        ],
        "created_timestamp": 1492318198,
        "updated_timestamp": 1500264755
      },
      {
        "name": "Ryan  Hoad",
        "details": [
          {
            "contact_point": "+61474520771"
          }
        ],
        "created_timestamp": 1492318198,
        "updated_timestamp": 1500264755
      },
      {
        "name": "Dan Flyte",
        "details": [
          {
            "contact_point": "+61452470345"
          }
        ],
        "created_timestamp": 1492318197,
        "updated_timestamp": 1522738238
      },
      {
        "name": "Potter Hill",
        "details": [
          {
            "contact_point": "+61416402008"
          }
        ],
        "created_timestamp": 1492318197,
        "updated_timestamp": 1522738239
      },
      {
        "name": "Ma Lyons ",
        "details": [
          {
            "contact_point": "+61427226835"
          }
        ],
        "created_timestamp": 1492318198,
        "updated_timestamp": 1492822213
      },
      {
        "name": "Stephan  Lee ",
        "details": [
          {
            "contact_point": "+61424528583"
          }
        ],
        "created_timestamp": 1492318198,
        "updated_timestamp": 1500264755
      },
      {
        "name": "Tom  Harrison Skate",
        "details": [
          {
            "contact_point": "+61481185005"
          }
        ],
        "created_timestamp": 1492318197,
        "updated_timestamp": 1522738239
      },
      {
        "name": "Sean Parker",
        "details": [
          {
            "contact_point": "+61467467207"
          }
        ],
        "created_timestamp": 1492318197,
        "updated_timestamp": 1522738239
      },
      {
        "name": "Josh Connors Mate",
        "details": [
          {
            "contact_point": "+61408661138"
          }
        ],
        "created_timestamp": 1492318198,
        "updated_timestamp": 1500264755
      },
      {
        "name": "Jamie Worsely",
        "details": [
          {
            "contact_point": "+61410364397"
          }
        ],
        "created_timestamp": 1492318198,
        "updated_timestamp": 1522738238
      },
      {
        "name": "Jason Wicks Darlington ",
        "details": [
          {
            "contact_point": "+61409299070"
          }
        ],
        "created_timestamp": 1492318197,
        "updated_timestamp": 1522738239
      },
      {
        "name": "Jordan  Mould",
        "details": [
          {
            "contact_point": "+61415966874"
          }
        ],
        "created_timestamp": 1492318197,
        "updated_timestamp": 1522738238
      },
      {
        "name": "Blaise",
        "details": [
          {
            "contact_point": "+61409895880"
          }
        ],
        "created_timestamp": 1492318198,
        "updated_timestamp": 1500264755
      },
      {
        "name": "Esther",
        "details": [
          {
            "contact_point": "+61497774463"
          }
        ],
        "created_timestamp": 1492318198,
        "updated_timestamp": 1500264755
      },
      {
        "name": "Sean  Ford ",
        "details": [
          {
            "contact_point": "+61466338930"
          }
        ],
        "created_timestamp": 1492318197,
        "updated_timestamp": 1555313396
      },
      {
        "name": "Sarah Badman",
        "details": [
          {
            "contact_point": "+61422919767"
          }
        ],
        "created_timestamp": 1492318197,
        "updated_timestamp": 1544178213
      },
      {
        "name": "Wylie",
        "details": [
          {
            "contact_point": "+61433184416"
          }
        ],
        "created_timestamp": 1492318198,
        "updated_timestamp": 1500264755
      },
      {
        "name": "Shari Lawson ",
        "details": [
          {
            "contact_point": "+61431245993"
          }
        ],
        "created_timestamp": 1492318198,
        "updated_timestamp": 1500264755
      },
      {
        "name": "James  Lyons",
        "details": [
          {
            "contact_point": "+61415329686"
          }
        ],
        "created_timestamp": 1492318197,
        "updated_timestamp": 1522738238
      },
      {
        "name": "Max",
        "details": [
          {
            "contact_point": "+61468733078"
          }
        ],
        "created_timestamp": 1492318198,
        "updated_timestamp": 1524532771
      },
      {
        "name": "Liam Wicks",
        "details": [
          {
            "contact_point": "+61412729657"
          }
        ],
        "created_timestamp": 1492318197,
        "updated_timestamp": 1522738239
      },
      {
        "name": "Mithrin And Kiaras Dad Skate Lessons ",
        "details": [
          {
            "contact_point": "+61419006665"
          }
        ],
        "created_timestamp": 1492318198,
        "updated_timestamp": 1500264755
      },
      {
        "name": "Drew Skater",
        "details": [
          {
            "contact_point": "+61417349985"
          }
        ],
        "created_timestamp": 1492318197,
        "updated_timestamp": 1522738239
      },
      {
        "name": "Sarah  De La Harpe ",
        "details": [
          {
            "contact_point": "+61423341642"
          }
        ],
        "created_timestamp": 1492318197,
        "updated_timestamp": 1522738238
      },
      {
        "name": "Samuel Hudson",
        "details": [
          {
            "contact_point": "+61407950343"
          }
        ],
        "created_timestamp": 1492318197,
        "updated_timestamp": 1500264754
      },
      {
        "name": "Staum Main",
        "details": [
          {
            "contact_point": "staum.main@acton.com.au"
          }
        ],
        "created_timestamp": 1492165435,
        "updated_timestamp": 1492165435
      },
      {
        "name": "rsvp.cie",
        "details": [
          {
            "contact_point": "rsvp.cie@nmtafe.wa.edu.au"
          }
        ],
        "created_timestamp": 1492165435,
        "updated_timestamp": 1492165435
      },
      {
        "name": "Donny Fraser",
        "details": [
          {
            "contact_point": "donnyfraser86@gmail.com"
          }
        ],
        "created_timestamp": 1492165435,
        "updated_timestamp": 1492165435
      },
      {
        "name": "adam johns",
        "details": [
          {
            "contact_point": "adaus1971@gmail.com"
          }
        ],
        "created_timestamp": 1492165435,
        "updated_timestamp": 1492165435
      },
      {
        "name": "Lisa Boddy",
        "details": [
          {
            "contact_point": "ea@pingelly.wa.gov.au"
          }
        ],
        "created_timestamp": 1492165435,
        "updated_timestamp": 1492165435
      },
      {
        "name": "Lanie Byk",
        "details": [
          {
            "contact_point": "lanie@chooseleadership.com.au"
          }
        ],
        "created_timestamp": 1492165435,
        "updated_timestamp": 1492165435
      },
      {
        "name": "Helen Riordan",
        "details": [
          {
            "contact_point": "hmariordan@yahoo.com.au"
          }
        ],
        "created_timestamp": 1492165435,
        "updated_timestamp": 1492165435
      },
      {
        "name": "Ross Rogan - Green",
        "details": [
          {
            "contact_point": "awesomeross@live.com"
          }
        ],
        "created_timestamp": 1492165435,
        "updated_timestamp": 1492165435
      },
      {
        "name": "Sonia@karmaroyalgroup.com",
        "details": [
          {
            "contact_point": "sonia@karmaroyalgroup.com"
          }
        ],
        "created_timestamp": 1492165435,
        "updated_timestamp": 1492165435
      },
      {
        "name": "Joseph Creese",
        "details": [
          {
            "contact_point": "jacreese6@gmail.com"
          }
        ],
        "created_timestamp": 1492165435,
        "updated_timestamp": 1492165435
      },
      {
        "name": "Kelly Bell",
        "details": [
          {
            "contact_point": "kelly.bell@northwesttelegraph.com.au"
          }
        ],
        "created_timestamp": 1492165435,
        "updated_timestamp": 1492165435
      },
      {
        "name": "Sonia Smuts",
        "details": [
          {
            "contact_point": "sonia.clinpsych@gmail.com"
          }
        ],
        "created_timestamp": 1492165435,
        "updated_timestamp": 1492165435
      },
      {
        "name": "Joseph Creese",
        "details": [
          {
            "contact_point": "21320034@student.uwa.edu.au"
          }
        ],
        "created_timestamp": 1492165435,
        "updated_timestamp": 1492165435
      },
      {
        "name": "Australian Skateboarding Community Initiative",
        "details": [
          {
            "contact_point": "office@australianskateboarding.com"
          }
        ],
        "created_timestamp": 1492165435,
        "updated_timestamp": 1492165435
      },
      {
        "name": "Alexia",
        "details": [
          {
            "contact_point": "alexia.jankowski@hotmail.com"
          }
        ],
        "created_timestamp": 1492165435,
        "updated_timestamp": 1492165435
      },
      {
        "name": "Connor Lapwood",
        "details": [
          {
            "contact_point": "connor.lapwood@gmail.com"
          }
        ],
        "created_timestamp": 1492165435,
        "updated_timestamp": 1492165435
      },
      {
        "name": "Ceri Kitely",
        "details": [
          {
            "contact_point": "ceri_hamilton@hotmail.com"
          }
        ],
        "created_timestamp": 1492165435,
        "updated_timestamp": 1492165435
      },
      {
        "name": "Craig Viney",
        "details": [
          {
            "contact_point": "cviney@absoluteboardco.com"
          }
        ],
        "created_timestamp": 1492165435,
        "updated_timestamp": 1492165435
      },
      {
        "name": "Western Australia Events",
        "details": [
          {
            "contact_point": "waskateboardschool@australianskateboarding.com"
          }
        ],
        "created_timestamp": 1492165435,
        "updated_timestamp": 1492165435
      },
      {
        "name": "Sabine and Thomas Heidt",
        "details": [
          {
            "contact_point": "heidt@aapt.net.au"
          }
        ],
        "created_timestamp": 1492165435,
        "updated_timestamp": 1492165435
      },
      {
        "name": "Steve Robinson",
        "details": [
          {
            "contact_point": "puresilver1@aol.com"
          }
        ],
        "created_timestamp": 1492165435,
        "updated_timestamp": 1492165435
      },
      {
        "name": "donny@australianskateboarding.com",
        "details": [
          {
            "contact_point": "donny@australianskateboarding.com"
          }
        ],
        "created_timestamp": 1492165435,
        "updated_timestamp": 1492165435
      },
      {
        "name": "Ashley Metcalfe",
        "details": [
          
        ],
        "created_timestamp": 1490688204,
        "updated_timestamp": 1490688204
      },
      {
        "name": "Marie ",
        "details": [
          {
            "contact_point": "+61410510736"
          }
        ],
        "created_timestamp": 1486110324,
        "updated_timestamp": 1500264755
      },
      {
        "name": "Celeste Bayer",
        "details": [
          
        ],
        "created_timestamp": 1486108985,
        "updated_timestamp": 1486108985
      },
      {
        "name": "Jordan Ryan",
        "details": [
          
        ],
        "created_timestamp": 1482364989,
        "updated_timestamp": 1482364989
      },
      {
        "name": "Justin Katsumata Yu",
        "details": [
          {
            "contact_point": "middle_name: Katsumata"
          }
        ],
        "created_timestamp": 1481426724,
        "updated_timestamp": 1481426724
      },
      {
        "name": "Shane Fraser",
        "details": [
          
        ],
        "created_timestamp": 1477889017,
        "updated_timestamp": 1477889017
      },
      {
        "name": "Chones ",
        "details": [
          {
            "contact_point": "+61449554856"
          }
        ],
        "created_timestamp": 1476599542,
        "updated_timestamp": 1500264755
      },
      {
        "name": "Dad Kitely",
        "details": [
          {
            "contact_point": "+61415397004"
          }
        ],
        "created_timestamp": 1468720262,
        "updated_timestamp": 1500264754
      },
      {
        "name": "William Guedes",
        "details": [
          
        ],
        "created_timestamp": 1466849793,
        "updated_timestamp": 1466849793
      },
      {
        "name": "Byron Johnson",
        "details": [
          
        ],
        "created_timestamp": 1464346307,
        "updated_timestamp": 1479292670
      },
      {
        "name": "Mum Kitely",
        "details": [
          {
            "contact_point": "+61415397007"
          }
        ],
        "created_timestamp": 1441952792,
        "updated_timestamp": 1540379529
      },
      {
        "name": "Joseph Crease",
        "details": [
          {
            "contact_point": "+61423035739"
          }
        ],
        "created_timestamp": 1441952329,
        "updated_timestamp": 1540379529
      },
      {
        "name": "Leuis  Franich ",
        "details": [
          {
            "contact_point": "+61458254081"
          }
        ],
        "created_timestamp": 1441952329,
        "updated_timestamp": 1500264755
      },
      {
        "name": "Mason Nguyen",
        "details": [
          {
            "contact_point": "+61450500813"
          }
        ],
        "created_timestamp": 1441952329,
        "updated_timestamp": 1540379529
      },
      {
        "name": "Recharge",
        "details": [
          {
            "contact_point": "+61411000733"
          }
        ],
        "created_timestamp": 1441950960,
        "updated_timestamp": 1540379529
      },
      {
        "name": "Joel Phillipson",
        "details": [
          {
            "contact_point": "+61448450803"
          }
        ],
        "created_timestamp": 1441950960,
        "updated_timestamp": 1500264754
      },
      {
        "name": "Duncan Mcgreger",
        "details": [
          {
            "contact_point": "+61431425508"
          }
        ],
        "created_timestamp": 1441950555,
        "updated_timestamp": 1540379530
      },
      {
        "name": "Donald Fraser",
        "details": [
          {
            "contact_point": "+61488478746"
          }
        ],
        "created_timestamp": 1441950424,
        "updated_timestamp": 1540379529
      }
    ]
  }
}